timestamp,data_id,model,month,thresholds,start_date,end_date,data_split_date,F2,Precision,Recall,MCC,AUC,BalancedAccuracy,TP,TN,FP,FN
7/10/2025 16:01,France_level_1_final,Balanced Random Forest,Month+1,0.09,1/1/2000,12/31/2024,1/1/2022,0.945,0.774,1.0,0.0,0.866,0.5,24,0,7,0
7/10/2025 16:01,France_level_1_final,Balanced Random Forest,Month+2,0.26,1/1/2000,12/31/2024,1/1/2022,0.913,0.767,0.958,-0.099,0.732,0.479,23,0,7,1
7/10/2025 16:01,France_level_1_final,Balanced Random Forest,Month+3,0.28,1/1/2000,12/31/2024,1/1/2022,0.913,0.767,0.958,-0.099,0.619,0.479,23,0,7,1
7/10/2025 16:01,France_level_1_final,Balanced Random Forest,Month+4,0.33,1/1/2000,12/31/2024,1/1/2022,0.88,0.759,0.917,-0.142,0.446,0.458,22,0,7,2
7/10/2025 16:01,France_level_1_final,Balanced Random Forest,Month+5,0.38,1/1/2000,12/31/2024,1/1/2022,0.88,0.759,0.917,-0.142,0.399,0.458,22,0,7,2
7/10/2025 16:01,France_level_1_final,Balanced Random Forest,Month+6,0.69,1/1/2000,12/31/2024,1/1/2022,0.813,0.741,0.833,-0.208,0.238,0.417,20,0,7,4
7/10/2025 16:01,France_level_1_final,Extra Trees,Month+1,0.11,1/1/2000,12/31/2024,1/1/2022,0.945,0.774,1.0,0.0,0.783,0.5,24,0,7,0
7/10/2025 16:01,France_level_1_final,Extra Trees,Month+2,0.14,1/1/2000,12/31/2024,1/1/2022,0.945,0.774,1.0,0.0,0.649,0.5,24,0,7,0
7/10/2025 16:01,France_level_1_final,Extra Trees,Month+3,0.13,1/1/2000,12/31/2024,1/1/2022,0.945,0.774,1.0,0.0,0.539,0.5,24,0,7,0
7/10/2025 16:01,France_level_1_final,Extra Trees,Month+4,0.16,1/1/2000,12/31/2024,1/1/2022,0.945,0.774,1.0,0.0,0.381,0.5,24,0,7,0
7/10/2025 16:01,France_level_1_final,Extra Trees,Month+5,0.16,1/1/2000,12/31/2024,1/1/2022,0.945,0.774,1.0,0.0,0.339,0.5,24,0,7,0
7/10/2025 16:01,France_level_1_final,Extra Trees,Month+6,0.31,1/1/2000,12/31/2024,1/1/2022,0.913,0.767,0.958,-0.099,0.31,0.479,23,0,7,1
7/10/2025 16:01,France_level_1_final,XGBoost,Month+1,0.26,1/1/2000,12/31/2024,1/1/2022,0.96,0.828,1.0,0.486,0.899,0.643,24,2,5,0
7/10/2025 16:01,France_level_1_final,XGBoost,Month+2,0.24,1/1/2000,12/31/2024,1/1/2022,0.927,0.821,0.958,0.345,0.75,0.622,23,2,5,1
7/10/2025 16:01,France_level_1_final,XGBoost,Month+3,0.37,1/1/2000,12/31/2024,1/1/2022,0.887,0.786,0.917,0.084,0.595,0.53,22,1,6,2
7/10/2025 16:01,France_level_1_final,XGBoost,Month+4,0.48,1/1/2000,12/31/2024,1/1/2022,0.854,0.778,0.875,0.022,0.44,0.509,21,1,6,3
7/10/2025 16:01,France_level_1_final,XGBoost,Month+5,0.91,1/1/2000,12/31/2024,1/1/2022,0.82,0.769,0.833,-0.027,0.292,0.488,20,1,6,4
7/10/2025 16:01,France_level_1_final,XGBoost,Month+6,0.93,1/1/2000,12/31/2024,1/1/2022,0.785,0.76,0.792,-0.069,0.208,0.467,19,1,6,5
7/10/2025 16:01,France_level_1_final,Logistic Regression,Month+1,0.06,1/1/2000,12/31/2024,1/1/2022,0.968,0.857,1.0,0.606,0.821,0.714,24,3,4,0
7/10/2025 16:01,France_level_1_final,Logistic Regression,Month+2,0.05,1/1/2000,12/31/2024,1/1/2022,0.927,0.821,0.958,0.345,0.702,0.622,23,2,5,1
7/10/2025 16:01,France_level_1_final,Logistic Regression,Month+3,0.05,1/1/2000,12/31/2024,1/1/2022,0.887,0.786,0.917,0.084,0.625,0.53,22,1,6,2
7/10/2025 16:01,France_level_1_final,Logistic Regression,Month+4,0.03,1/1/2000,12/31/2024,1/1/2022,0.854,0.778,0.875,0.022,0.5,0.509,21,1,6,3
7/10/2025 16:01,France_level_1_final,Logistic Regression,Month+5,0.56,1/1/2000,12/31/2024,1/1/2022,0.82,0.769,0.833,-0.027,0.417,0.488,20,1,6,4
7/10/2025 16:01,France_level_1_final,Logistic Regression,Month+6,0.38,1/1/2000,12/31/2024,1/1/2022,0.88,0.759,0.917,-0.142,0.363,0.458,22,0,7,2
7/10/2025 16:01,France_level_1_final,Ensemble (mean),Month+1,0.2,1/1/2000,12/31/2024,1/1/2022,0.96,0.828,1.0,0.486,0.911,0.643,24,2,5,0
7/10/2025 16:01,France_level_1_final,Ensemble (mean),Month+2,0.19,1/1/2000,12/31/2024,1/1/2022,0.92,0.793,0.958,0.172,0.708,0.551,23,1,6,1
7/10/2025 16:01,France_level_1_final,Ensemble (mean),Month+3,0.13,1/1/2000,12/31/2024,1/1/2022,0.913,0.767,0.958,-0.099,0.542,0.479,23,0,7,1
7/10/2025 16:01,France_level_1_final,Ensemble (mean),Month+4,0.16,1/1/2000,12/31/2024,1/1/2022,0.913,0.767,0.958,-0.099,0.435,0.479,23,0,7,1
7/10/2025 16:01,France_level_1_final,Ensemble (mean),Month+5,0.33,1/1/2000,12/31/2024,1/1/2022,0.813,0.741,0.833,-0.208,0.411,0.417,20,0,7,4
7/10/2025 16:01,France_level_1_final,Ensemble (mean),Month+6,0.61,1/1/2000,12/31/2024,1/1/2022,0.813,0.741,0.833,-0.208,0.31,0.417,20,0,7,4
7/10/2025 15:55,France_level_2_final,Balanced Random Forest,Month+1,0.39,1/1/2000,12/31/2024,1/1/2022,0.961,0.83,1.0,0.762,0.963,0.85,240,114,49,0
7/10/2025 15:55,France_level_2_final,Balanced Random Forest,Month+2,0.35,1/1/2000,12/31/2024,1/1/2022,0.944,0.793,0.991,0.705,0.921,0.82,230,111,60,2
7/10/2025 15:55,France_level_2_final,Balanced Random Forest,Month+3,0.44,1/1/2000,12/31/2024,1/1/2022,0.918,0.769,0.965,0.642,0.863,0.794,220,109,66,8
7/10/2025 15:55,France_level_2_final,Balanced Random Forest,Month+4,0.33,1/1/2000,12/31/2024,1/1/2022,0.891,0.719,0.947,0.533,0.829,0.735,215,92,84,12
7/10/2025 15:55,France_level_2_final,Balanced Random Forest,Month+5,0.42,1/1/2000,12/31/2024,1/1/2022,0.856,0.707,0.903,0.464,0.77,0.71,205,91,85,22
7/10/2025 15:55,France_level_2_final,Balanced Random Forest,Month+6,0.42,1/1/2000,12/31/2024,1/1/2022,0.832,0.701,0.873,0.421,0.718,0.694,199,90,85,29
7/10/2025 15:55,France_level_2_final,Extra Trees,Month+1,0.23,1/1/2000,12/31/2024,1/1/2022,0.946,0.777,1.0,0.669,0.898,0.788,240,94,69,0
7/10/2025 15:55,France_level_2_final,Extra Trees,Month+2,0.26,1/1/2000,12/31/2024,1/1/2022,0.936,0.764,0.991,0.655,0.858,0.788,230,100,71,2
7/10/2025 15:55,France_level_2_final,Extra Trees,Month+3,0.24,1/1/2000,12/31/2024,1/1/2022,0.913,0.742,0.969,0.598,0.819,0.765,221,98,77,7
7/10/2025 15:55,France_level_2_final,Extra Trees,Month+4,0.3,1/1/2000,12/31/2024,1/1/2022,0.902,0.716,0.965,0.546,0.763,0.735,219,89,87,8
7/10/2025 15:55,France_level_2_final,Extra Trees,Month+5,0.29,1/1/2000,12/31/2024,1/1/2022,0.903,0.71,0.969,0.539,0.735,0.729,220,86,90,7
7/10/2025 15:55,France_level_2_final,Extra Trees,Month+6,0.34,1/1/2000,12/31/2024,1/1/2022,0.853,0.696,0.904,0.437,0.701,0.695,206,85,90,22
7/10/2025 15:55,France_level_2_final,XGBoost,Month+1,0.79,1/1/2000,12/31/2024,1/1/2022,0.99,0.952,1.0,0.939,0.96,0.963,240,151,12,0
7/10/2025 15:55,France_level_2_final,XGBoost,Month+2,0.93,1/1/2000,12/31/2024,1/1/2022,0.976,0.92,0.991,0.891,0.928,0.937,230,151,20,2
7/10/2025 15:55,France_level_2_final,XGBoost,Month+3,0.17,1/1/2000,12/31/2024,1/1/2022,0.919,0.772,0.965,0.646,0.876,0.797,220,110,65,8
7/10/2025 15:55,France_level_2_final,XGBoost,Month+4,0.37,1/1/2000,12/31/2024,1/1/2022,0.898,0.777,0.934,0.623,0.84,0.794,212,115,61,15
7/10/2025 15:55,France_level_2_final,XGBoost,Month+5,0.35,1/1/2000,12/31/2024,1/1/2022,0.894,0.731,0.947,0.556,0.765,0.749,215,97,79,12
7/10/2025 15:55,France_level_2_final,XGBoost,Month+6,0.62,1/1/2000,12/31/2024,1/1/2022,0.867,0.746,0.904,0.537,0.722,0.752,206,105,70,22
7/10/2025 15:55,France_level_2_final,Logistic Regression,Month+1,0.57,1/1/2000,12/31/2024,1/1/2022,0.976,0.892,1.0,0.856,0.94,0.911,240,134,29,0
7/10/2025 15:55,France_level_2_final,Logistic Regression,Month+2,0.53,1/1/2000,12/31/2024,1/1/2022,0.954,0.83,0.991,0.764,0.898,0.858,230,124,47,2
7/10/2025 15:55,France_level_2_final,Logistic Regression,Month+3,0.54,1/1/2000,12/31/2024,1/1/2022,0.928,0.806,0.965,0.702,0.835,0.831,220,122,53,8
7/10/2025 15:55,France_level_2_final,Logistic Regression,Month+4,0.48,1/1/2000,12/31/2024,1/1/2022,0.89,0.762,0.93,0.593,0.767,0.777,211,110,66,16
7/10/2025 15:55,France_level_2_final,Logistic Regression,Month+5,0.28,1/1/2000,12/31/2024,1/1/2022,0.876,0.656,0.956,0.399,0.734,0.654,217,62,114,10
7/10/2025 15:55,France_level_2_final,Logistic Regression,Month+6,0.24,1/1/2000,12/31/2024,1/1/2022,0.887,0.646,0.978,0.397,0.692,0.64,223,53,122,5
7/10/2025 15:55,France_level_2_final,Ensemble (mean),Month+1,0.31,1/1/2000,12/31/2024,1/1/2022,0.965,0.845,1.0,0.785,0.949,0.865,240,119,44,0
7/10/2025 15:55,France_level_2_final,Ensemble (mean),Month+2,0.31,1/1/2000,12/31/2024,1/1/2022,0.951,0.819,0.991,0.746,0.9,0.847,230,120,51,2
7/10/2025 15:55,France_level_2_final,Ensemble (mean),Month+3,0.38,1/1/2000,12/31/2024,1/1/2022,0.923,0.786,0.965,0.67,0.856,0.811,220,115,60,8
7/10/2025 15:55,France_level_2_final,Ensemble (mean),Month+4,0.42,1/1/2000,12/31/2024,1/1/2022,0.888,0.764,0.925,0.592,0.796,0.778,210,111,65,17
7/10/2025 15:55,France_level_2_final,Ensemble (mean),Month+5,0.39,1/1/2000,12/31/2024,1/1/2022,0.893,0.718,0.952,0.535,0.753,0.734,216,91,85,11
7/10/2025 15:55,France_level_2_final,Ensemble (mean),Month+6,0.43,1/1/2000,12/31/2024,1/1/2022,0.883,0.703,0.943,0.49,0.706,0.711,215,84,91,13
7/10/2025 15:49,France_level_3_final,Balanced Random Forest,Month+1,0.53,1/1/2000,12/31/2024,1/1/2022,0.979,0.902,1.0,0.92,0.984,0.969,1080,1748,117,0
7/10/2025 15:49,France_level_3_final,Balanced Random Forest,Month+2,0.47,1/1/2000,12/31/2024,1/1/2022,0.964,0.85,0.997,0.875,0.966,0.951,1035,1725,182,3
7/10/2025 15:49,France_level_3_final,Balanced Random Forest,Month+3,0.51,1/1/2000,12/31/2024,1/1/2022,0.944,0.818,0.982,0.838,0.943,0.934,990,1717,220,18
7/10/2025 15:49,France_level_3_final,Balanced Random Forest,Month+4,0.35,1/1/2000,12/31/2024,1/1/2022,0.906,0.777,0.945,0.774,0.924,0.903,946,1672,272,55
7/10/2025 15:49,France_level_3_final,Balanced Random Forest,Month+5,0.35,1/1/2000,12/31/2024,1/1/2022,0.869,0.73,0.912,0.708,0.898,0.869,915,1604,338,88
7/10/2025 15:49,France_level_3_final,Balanced Random Forest,Month+6,0.44,1/1/2000,12/31/2024,1/1/2022,0.821,0.705,0.856,0.645,0.874,0.835,865,1573,362,145
7/10/2025 15:49,France_level_3_final,Extra Trees,Month+1,0.56,1/1/2000,12/31/2024,1/1/2022,0.973,0.88,1.0,0.9,0.96,0.961,1080,1718,147,0
7/10/2025 15:49,France_level_3_final,Extra Trees,Month+2,0.23,1/1/2000,12/31/2024,1/1/2022,0.936,0.752,0.997,0.783,0.938,0.909,1035,1565,342,3
7/10/2025 15:49,France_level_3_final,Extra Trees,Month+3,0.27,1/1/2000,12/31/2024,1/1/2022,0.922,0.729,0.987,0.758,0.914,0.898,995,1568,369,13
7/10/2025 15:49,France_level_3_final,Extra Trees,Month+4,0.3,1/1/2000,12/31/2024,1/1/2022,0.898,0.708,0.962,0.72,0.891,0.879,963,1547,397,38
7/10/2025 15:49,France_level_3_final,Extra Trees,Month+5,0.31,1/1/2000,12/31/2024,1/1/2022,0.873,0.682,0.939,0.677,0.869,0.856,942,1502,440,61
7/10/2025 15:49,France_level_3_final,Extra Trees,Month+6,0.33,1/1/2000,12/31/2024,1/1/2022,0.849,0.669,0.91,0.643,0.854,0.838,919,1481,454,91
7/10/2025 15:50,France_level_3_final,XGBoost,Month+1,0.58,1/1/2000,12/31/2024,1/1/2022,0.984,0.923,1.0,0.937,0.986,0.976,1080,1775,90,0
7/10/2025 15:50,France_level_3_final,XGBoost,Month+2,0.62,1/1/2000,12/31/2024,1/1/2022,0.971,0.88,0.997,0.901,0.966,0.962,1035,1766,141,3
7/10/2025 15:50,France_level_3_final,XGBoost,Month+3,0.62,1/1/2000,12/31/2024,1/1/2022,0.954,0.854,0.982,0.869,0.953,0.947,990,1768,169,18
7/10/2025 15:50,France_level_3_final,XGBoost,Month+4,0.56,1/1/2000,12/31/2024,1/1/2022,0.912,0.804,0.944,0.798,0.933,0.913,945,1713,231,56
7/10/2025 15:50,France_level_3_final,XGBoost,Month+5,0.56,1/1/2000,12/31/2024,1/1/2022,0.868,0.763,0.899,0.73,0.906,0.878,902,1662,280,101
7/10/2025 15:50,France_level_3_final,XGBoost,Month+6,0.64,1/1/2000,12/31/2024,1/1/2022,0.836,0.732,0.866,0.678,0.883,0.85,875,1615,320,135
7/10/2025 15:50,France_level_3_final,Logistic Regression,Month+1,0.47,1/1/2000,12/31/2024,1/1/2022,0.967,0.853,1.0,0.876,0.979,0.95,1080,1679,186,0
7/10/2025 15:50,France_level_3_final,Logistic Regression,Month+2,0.71,1/1/2000,12/31/2024,1/1/2022,0.961,0.84,0.997,0.866,0.957,0.947,1035,1710,197,3
7/10/2025 15:50,France_level_3_final,Logistic Regression,Month+3,0.38,1/1/2000,12/31/2024,1/1/2022,0.922,0.739,0.983,0.765,0.931,0.901,991,1587,350,17
7/10/2025 15:50,France_level_3_final,Logistic Regression,Month+4,0.4,1/1/2000,12/31/2024,1/1/2022,0.898,0.704,0.964,0.718,0.905,0.878,965,1539,405,36
7/10/2025 15:50,France_level_3_final,Logistic Regression,Month+5,0.4,1/1/2000,12/31/2024,1/1/2022,0.873,0.661,0.949,0.661,0.883,0.849,952,1453,489,51
7/10/2025 15:50,France_level_3_final,Logistic Regression,Month+6,0.47,1/1/2000,12/31/2024,1/1/2022,0.858,0.658,0.929,0.643,0.858,0.838,938,1447,488,72
7/10/2025 15:52,France_level_3_final,Ensemble (mean),Month+1,0.38,1/1/2000,12/31/2024,1/1/2022,0.968,0.857,1.0,0.88,0.983,0.952,1080,1685,180,0
7/10/2025 15:52,France_level_3_final,Ensemble (mean),Month+2,0.42,1/1/2000,12/31/2024,1/1/2022,0.957,0.824,0.997,0.851,0.962,0.941,1035,1686,221,3
7/10/2025 15:52,France_level_3_final,Ensemble (mean),Month+3,0.32,1/1/2000,12/31/2024,1/1/2022,0.933,0.779,0.982,0.802,0.937,0.919,990,1656,281,18
7/10/2025 15:52,France_level_3_final,Ensemble (mean),Month+4,0.38,1/1/2000,12/31/2024,1/1/2022,0.904,0.761,0.948,0.762,0.909,0.897,949,1646,298,52
7/10/2025 15:52,France_level_3_final,Ensemble (mean),Month+5,0.37,1/1/2000,12/31/2024,1/1/2022,0.879,0.707,0.935,0.7,0.884,0.868,938,1554,388,65
7/10/2025 15:52,France_level_3_final,Ensemble (mean),Month+6,0.4,1/1/2000,12/31/2024,1/1/2022,0.859,0.681,0.92,0.661,0.864,0.847,929,1499,436,81
7/10/2025 15:04,France_level_4_final,Balanced Random Forest,Month+1,0.15,1/1/2000,12/31/2024,1/1/2022,0.94,0.757,1.0,0.828,0.992,0.953,2208,6879,709,0
7/10/2025 15:04,France_level_4_final,Balanced Random Forest,Month+2,0.15,1/1/2000,12/31/2024,1/1/2022,0.919,0.697,0.999,0.782,0.983,0.939,2116,6757,920,3
7/10/2025 15:04,France_level_4_final,Balanced Random Forest,Month+3,0.15,1/1/2000,12/31/2024,1/1/2022,0.897,0.655,0.989,0.744,0.971,0.925,2035,6667,1071,23
7/10/2025 15:04,France_level_4_final,Balanced Random Forest,Month+4,0.15,1/1/2000,12/31/2024,1/1/2022,0.871,0.592,0.987,0.69,0.96,0.905,1995,6401,1373,27
7/10/2025 15:04,France_level_4_final,Balanced Random Forest,Month+5,0.15,1/1/2000,12/31/2024,1/1/2022,0.849,0.545,0.986,0.647,0.948,0.888,1968,6158,1642,28
7/10/2025 15:04,France_level_4_final,Balanced Random Forest,Month+6,0.15,1/1/2000,12/31/2024,1/1/2022,0.821,0.501,0.976,0.6,0.936,0.865,1928,5902,1919,47
7/10/2025 15:04,France_level_4_final,Extra Trees,Month+1,0.15,1/1/2000,12/31/2024,1/1/2022,0.926,0.716,1.0,0.796,0.979,0.942,2208,6711,877,0
7/10/2025 15:04,France_level_4_final,Extra Trees,Month+2,0.15,1/1/2000,12/31/2024,1/1/2022,0.863,0.56,0.999,0.661,0.968,0.891,2116,6012,1665,3
7/10/2025 15:04,France_level_4_final,Extra Trees,Month+3,0.15,1/1/2000,12/31/2024,1/1/2022,0.795,0.449,0.985,0.542,0.954,0.832,2027,5250,2488,31
7/10/2025 15:04,France_level_4_final,Extra Trees,Month+4,0.15,1/1/2000,12/31/2024,1/1/2022,0.744,0.379,0.979,0.456,0.933,0.781,1980,4536,3238,42
7/10/2025 15:04,France_level_4_final,Extra Trees,Month+5,0.15,1/1/2000,12/31/2024,1/1/2022,0.709,0.339,0.975,0.399,0.92,0.744,1946,3998,3802,50
7/10/2025 15:04,France_level_4_final,Extra Trees,Month+6,0.15,1/1/2000,12/31/2024,1/1/2022,0.683,0.309,0.981,0.356,0.911,0.713,1937,3483,4338,38
7/10/2025 15:05,France_level_4_final,XGBoost,Month+1,0.15,1/1/2000,12/31/2024,1/1/2022,0.963,0.839,1.0,0.89,0.992,0.972,2208,7165,423,0
7/10/2025 15:05,France_level_4_final,XGBoost,Month+2,0.15,1/1/2000,12/31/2024,1/1/2022,0.934,0.743,0.999,0.819,0.986,0.952,2116,6945,732,3
7/10/2025 15:05,France_level_4_final,XGBoost,Month+3,0.15,1/1/2000,12/31/2024,1/1/2022,0.897,0.655,0.988,0.744,0.973,0.925,2033,6668,1070,25
7/10/2025 15:05,France_level_4_final,XGBoost,Month+4,0.15,1/1/2000,12/31/2024,1/1/2022,0.855,0.559,0.986,0.659,0.96,0.892,1993,6203,1571,29
7/10/2025 15:05,France_level_4_final,XGBoost,Month+5,0.15,1/1/2000,12/31/2024,1/1/2022,0.823,0.496,0.985,0.598,0.946,0.864,1966,5800,2000,30
7/10/2025 15:05,France_level_4_final,XGBoost,Month+6,0.15,1/1/2000,12/31/2024,1/1/2022,0.788,0.438,0.985,0.537,0.932,0.833,1946,5323,2498,29
7/10/2025 15:05,France_level_4_final,Logistic Regression,Month+1,0.15,1/1/2000,12/31/2024,1/1/2022,0.905,0.655,1.0,0.745,0.991,0.923,2208,6426,1162,0
7/10/2025 15:05,France_level_4_final,Logistic Regression,Month+2,0.15,1/1/2000,12/31/2024,1/1/2022,0.823,0.484,0.999,0.583,0.98,0.852,2116,5417,2260,3
7/10/2025 15:05,France_level_4_final,Logistic Regression,Month+3,0.15,1/1/2000,12/31/2024,1/1/2022,0.778,0.42,0.988,0.509,0.962,0.813,2033,4932,2806,25
7/10/2025 15:05,France_level_4_final,Logistic Regression,Month+4,0.15,1/1/2000,12/31/2024,1/1/2022,0.746,0.379,0.986,0.459,0.946,0.783,1993,4504,3270,29
7/10/2025 15:05,France_level_4_final,Logistic Regression,Month+5,0.15,1/1/2000,12/31/2024,1/1/2022,0.724,0.352,0.985,0.424,0.932,0.76,1967,4176,3624,29
7/10/2025 15:05,France_level_4_final,Logistic Regression,Month+6,0.15,1/1/2000,12/31/2024,1/1/2022,0.696,0.32,0.985,0.377,0.919,0.728,1945,3689,4132,30
7/10/2025 15:07,France_level_4_final,Ensemble (mean),Month+1,0.15,1/1/2000,12/31/2024,1/1/2022,0.94,0.76,1.0,0.83,0.991,0.954,2208,6889,699,0
7/10/2025 15:07,France_level_4_final,Ensemble (mean),Month+2,0.15,1/1/2000,12/31/2024,1/1/2022,0.91,0.671,0.999,0.761,0.981,0.932,2116,6641,1036,3
7/10/2025 15:07,France_level_4_final,Ensemble (mean),Month+3,0.15,1/1/2000,12/31/2024,1/1/2022,0.868,0.587,0.986,0.683,0.966,0.901,2030,6308,1430,28
7/10/2025 15:07,France_level_4_final,Ensemble (mean),Month+4,0.15,1/1/2000,12/31/2024,1/1/2022,0.831,0.508,0.987,0.61,0.952,0.869,1996,5843,1931,26
7/10/2025 15:07,France_level_4_final,Ensemble (mean),Month+5,0.15,1/1/2000,12/31/2024,1/1/2022,0.797,0.451,0.987,0.55,0.937,0.84,1970,5399,2401,26
7/10/2025 15:07,France_level_4_final,Ensemble (mean),Month+6,0.15,1/1/2000,12/31/2024,1/1/2022,0.764,0.4,0.989,0.493,0.927,0.807,1953,4895,2926,22
7/10/2025 15:39,France_level_4_final,Balanced Random Forest,Month+1,0.56,1/1/2000,12/31/2024,1/1/2022,0.979,0.903,1.0,0.935,0.992,0.984,2208,7350,238,0
7/10/2025 15:39,France_level_4_final,Balanced Random Forest,Month+2,0.47,1/1/2000,12/31/2024,1/1/2022,0.965,0.851,0.999,0.899,0.984,0.975,2116,7306,371,3
7/10/2025 15:39,France_level_4_final,Balanced Random Forest,Month+3,0.53,1/1/2000,12/31/2024,1/1/2022,0.945,0.817,0.983,0.867,0.971,0.963,2024,7286,452,34
7/10/2025 15:39,France_level_4_final,Balanced Random Forest,Month+4,0.45,1/1/2000,12/31/2024,1/1/2022,0.913,0.774,0.956,0.821,0.959,0.942,1933,7211,563,89
7/10/2025 15:39,France_level_4_final,Balanced Random Forest,Month+5,0.46,1/1/2000,12/31/2024,1/1/2022,0.884,0.747,0.926,0.784,0.947,0.923,1849,7173,627,147
7/10/2025 15:39,France_level_4_final,Balanced Random Forest,Month+6,0.48,1/1/2000,12/31/2024,1/1/2022,0.846,0.699,0.894,0.73,0.933,0.898,1765,7060,761,210
7/10/2025 15:40,France_level_4_final,Extra Trees,Month+1,0.22,1/1/2000,12/31/2024,1/1/2022,0.945,0.774,1.0,0.842,0.979,0.957,2208,6943,645,0
7/10/2025 15:40,France_level_4_final,Extra Trees,Month+2,0.28,1/1/2000,12/31/2024,1/1/2022,0.936,0.749,0.999,0.824,0.969,0.953,2116,6968,709,3
7/10/2025 15:40,France_level_4_final,Extra Trees,Month+3,0.32,1/1/2000,12/31/2024,1/1/2022,0.915,0.713,0.985,0.79,0.949,0.94,2027,6923,815,31
7/10/2025 15:40,France_level_4_final,Extra Trees,Month+4,0.32,1/1/2000,12/31/2024,1/1/2022,0.891,0.686,0.963,0.757,0.932,0.924,1948,6883,891,74
7/10/2025 15:40,France_level_4_final,Extra Trees,Month+5,0.34,1/1/2000,12/31/2024,1/1/2022,0.866,0.663,0.937,0.725,0.918,0.908,1870,6851,949,126
7/10/2025 15:40,France_level_4_final,Extra Trees,Month+6,0.35,1/1/2000,12/31/2024,1/1/2022,0.837,0.635,0.91,0.688,0.909,0.889,1797,6786,1035,178
7/10/2025 15:40,France_level_4_final,XGBoost,Month+1,0.53,1/1/2000,12/31/2024,1/1/2022,0.986,0.934,1.0,0.956,0.992,0.99,2208,7431,157,0
7/10/2025 15:40,France_level_4_final,XGBoost,Month+2,0.5,1/1/2000,12/31/2024,1/1/2022,0.968,0.863,0.999,0.908,0.985,0.977,2116,7342,335,3
7/10/2025 15:40,France_level_4_final,XGBoost,Month+3,0.56,1/1/2000,12/31/2024,1/1/2022,0.945,0.816,0.983,0.866,0.975,0.962,2024,7281,457,34
7/10/2025 15:40,France_level_4_final,XGBoost,Month+4,0.59,1/1/2000,12/31/2024,1/1/2022,0.914,0.777,0.956,0.823,0.961,0.942,1933,7220,554,89
7/10/2025 15:40,France_level_4_final,XGBoost,Month+5,0.64,1/1/2000,12/31/2024,1/1/2022,0.884,0.746,0.927,0.784,0.947,0.923,1850,7170,630,146
7/10/2025 15:40,France_level_4_final,XGBoost,Month+6,0.53,1/1/2000,12/31/2024,1/1/2022,0.847,0.648,0.917,0.703,0.935,0.896,1811,6838,983,164
7/10/2025 15:41,France_level_4_final,Logistic Regression,Month+1,0.5,1/1/2000,12/31/2024,1/1/2022,0.968,0.856,1.0,0.903,0.992,0.976,2208,7218,370,0
7/10/2025 15:41,France_level_4_final,Logistic Regression,Month+2,0.7,1/1/2000,12/31/2024,1/1/2022,0.961,0.836,0.999,0.888,0.981,0.972,2116,7261,416,3
7/10/2025 15:41,France_level_4_final,Logistic Regression,Month+3,0.79,1/1/2000,12/31/2024,1/1/2022,0.945,0.817,0.983,0.867,0.963,0.962,2024,7285,453,34
7/10/2025 15:41,France_level_4_final,Logistic Regression,Month+4,0.69,1/1/2000,12/31/2024,1/1/2022,0.91,0.749,0.961,0.805,0.947,0.939,1943,7124,650,79
7/10/2025 15:41,France_level_4_final,Logistic Regression,Month+5,0.7,1/1/2000,12/31/2024,1/1/2022,0.875,0.691,0.937,0.747,0.933,0.915,1870,6964,836,126
7/10/2025 15:41,France_level_4_final,Logistic Regression,Month+6,0.56,1/1/2000,12/31/2024,1/1/2022,0.839,0.626,0.917,0.685,0.92,0.89,1812,6740,1081,163
7/10/2025 15:45,France_level_4_final,Ensemble (mean),Month+1,0.39,1/1/2000,12/31/2024,1/1/2022,0.967,0.854,1.0,0.901,0.991,0.975,2208,7211,377,0
7/10/2025 15:45,France_level_4_final,Ensemble (mean),Month+2,0.39,1/1/2000,12/31/2024,1/1/2022,0.954,0.81,0.999,0.87,0.981,0.967,2116,7181,496,3
7/10/2025 15:45,France_level_4_final,Ensemble (mean),Month+3,0.38,1/1/2000,12/31/2024,1/1/2022,0.93,0.764,0.984,0.828,0.966,0.952,2025,7112,626,33
7/10/2025 15:45,France_level_4_final,Ensemble (mean),Month+4,0.4,1/1/2000,12/31/2024,1/1/2022,0.896,0.704,0.962,0.771,0.952,0.928,1945,6957,817,77
7/10/2025 15:45,France_level_4_final,Ensemble (mean),Month+5,0.43,1/1/2000,12/31/2024,1/1/2022,0.865,0.663,0.937,0.725,0.937,0.907,1870,6848,952,126
7/10/2025 15:45,France_level_4_final,Ensemble (mean),Month+6,0.42,1/1/2000,12/31/2024,1/1/2022,0.838,0.626,0.916,0.684,0.927,0.889,1809,6741,1080,166
2025-07-10 20:56:45,Germany_level_1_final,Balanced Random Forest,Month+1,0.58,2000-01-01,2024-12-31,2022-01-01,0.541,0.8,0.5,0.543,0.938,0.728,4,22,1,4
2025-07-10 20:56:45,Germany_level_1_final,Balanced Random Forest,Month+2,0.21,2000-01-01,2024-12-31,2022-01-01,0.865,0.562,1.0,0.619,0.917,0.841,9,15,7,0
2025-07-10 20:56:45,Germany_level_1_final,Balanced Random Forest,Month+3,0.34,2000-01-01,2024-12-31,2022-01-01,0.673,0.583,0.7,0.443,0.819,0.731,7,16,5,3
2025-07-10 20:56:45,Germany_level_1_final,Balanced Random Forest,Month+4,0.1,2000-01-01,2024-12-31,2022-01-01,0.714,0.385,0.909,0.142,0.761,0.555,10,4,16,1
2025-07-10 20:56:45,Germany_level_1_final,Balanced Random Forest,Month+5,0.08,2000-01-01,2024-12-31,2022-01-01,0.685,0.345,0.909,-0.08,0.582,0.48,10,1,19,1
2025-07-10 20:56:45,Germany_level_1_final,Balanced Random Forest,Month+6,0.28,2000-01-01,2024-12-31,2022-01-01,0.547,0.35,0.636,-0.014,0.37,0.493,7,7,13,4
2025-07-10 20:56:48,Germany_level_1_final,Extra Trees,Month+1,0.3,2000-01-01,2024-12-31,2022-01-01,0.795,0.583,0.875,0.591,0.918,0.829,7,18,5,1
2025-07-10 20:56:48,Germany_level_1_final,Extra Trees,Month+2,0.27,2000-01-01,2024-12-31,2022-01-01,0.8,0.571,0.889,0.562,0.909,0.808,8,16,6,1
2025-07-10 20:56:48,Germany_level_1_final,Extra Trees,Month+3,0.24,2000-01-01,2024-12-31,2022-01-01,0.789,0.529,0.9,0.488,0.881,0.76,9,13,8,1
2025-07-10 20:56:48,Germany_level_1_final,Extra Trees,Month+4,0.29,2000-01-01,2024-12-31,2022-01-01,0.678,0.533,0.727,0.361,0.764,0.689,8,13,7,3
2025-07-10 20:56:48,Germany_level_1_final,Extra Trees,Month+5,0.35,2000-01-01,2024-12-31,2022-01-01,0.536,0.5,0.545,0.241,0.636,0.623,6,14,6,5
2025-07-10 20:56:48,Germany_level_1_final,Extra Trees,Month+6,0.11,2000-01-01,2024-12-31,2022-01-01,0.616,0.31,0.818,-0.354,0.536,0.409,9,0,20,2
2025-07-10 20:56:51,Germany_level_1_final,XGBoost,Month+1,0.09,2000-01-01,2024-12-31,2022-01-01,0.795,0.583,0.875,0.591,0.924,0.829,7,18,5,1
2025-07-10 20:56:51,Germany_level_1_final,XGBoost,Month+2,0.05,2000-01-01,2024-12-31,2022-01-01,0.784,0.533,0.889,0.518,0.889,0.785,8,15,7,1
2025-07-10 20:56:51,Germany_level_1_final,XGBoost,Month+3,0.21,2000-01-01,2024-12-31,2022-01-01,0.648,0.5,0.7,0.344,0.8,0.683,7,14,7,3
2025-07-10 20:56:51,Germany_level_1_final,XGBoost,Month+4,0.18,2000-01-01,2024-12-31,2022-01-01,0.678,0.533,0.727,0.361,0.777,0.689,8,13,7,3
2025-07-10 20:56:51,Germany_level_1_final,XGBoost,Month+5,0.07,2000-01-01,2024-12-31,2022-01-01,0.615,0.381,0.727,0.079,0.509,0.539,8,7,13,3
2025-07-10 20:56:51,Germany_level_1_final,XGBoost,Month+6,0.17,2000-01-01,2024-12-31,2022-01-01,0.403,0.278,0.455,-0.19,0.341,0.402,5,7,13,6
2025-07-10 20:56:53,Germany_level_1_final,Logistic Regression,Month+1,0.77,2000-01-01,2024-12-31,2022-01-01,0.294,1.0,0.25,0.445,0.734,0.625,2,23,0,6
2025-07-10 20:56:53,Germany_level_1_final,Logistic Regression,Month+2,0.23,2000-01-01,2024-12-31,2022-01-01,0.7,0.5,0.778,0.419,0.763,0.73,7,15,7,2
2025-07-10 20:56:53,Germany_level_1_final,Logistic Regression,Month+3,0.5,2000-01-01,2024-12-31,2022-01-01,0.673,0.583,0.7,0.443,0.748,0.731,7,16,5,3
2025-07-10 20:56:53,Germany_level_1_final,Logistic Regression,Month+4,0.32,2000-01-01,2024-12-31,2022-01-01,0.667,0.5,0.727,0.313,0.714,0.664,8,12,8,3
2025-07-10 20:56:53,Germany_level_1_final,Logistic Regression,Month+5,0.01,2000-01-01,2024-12-31,2022-01-01,0.685,0.345,0.909,-0.08,0.555,0.48,10,1,19,1
2025-07-10 20:56:53,Germany_level_1_final,Logistic Regression,Month+6,0.21,2000-01-01,2024-12-31,2022-01-01,0.385,0.238,0.455,-0.354,0.386,0.327,5,4,16,6
2025-07-10 20:57:05,Germany_level_1_final,Ensemble (mean),Month+1,0.39,2000-01-01,2024-12-31,2022-01-01,0.875,0.875,0.875,0.832,0.918,0.916,7,22,1,1
2025-07-10 20:57:05,Germany_level_1_final,Ensemble (mean),Month+2,0.21,2000-01-01,2024-12-31,2022-01-01,0.833,0.5,1.0,0.544,0.889,0.795,9,13,9,0
2025-07-10 20:57:05,Germany_level_1_final,Ensemble (mean),Month+3,0.33,2000-01-01,2024-12-31,2022-01-01,0.789,0.529,0.9,0.488,0.757,0.76,9,13,8,1
2025-07-10 20:57:05,Germany_level_1_final,Ensemble (mean),Month+4,0.34,2000-01-01,2024-12-31,2022-01-01,0.738,0.529,0.818,0.402,0.695,0.709,9,12,8,2
2025-07-10 20:57:05,Germany_level_1_final,Ensemble (mean),Month+5,0.3,2000-01-01,2024-12-31,2022-01-01,0.635,0.421,0.727,0.174,0.573,0.589,8,9,11,3
2025-07-10 20:57:05,Germany_level_1_final,Ensemble (mean),Month+6,0.05,2000-01-01,2024-12-31,2022-01-01,0.733,0.355,1.0,0.0,0.414,0.5,11,0,20,0
2025-07-10 20:57:14,Germany_level_1_final,Balanced Random Forest,Month+1,0.58,2000-01-01,2024-12-31,2022-01-01,0.541,0.8,0.5,0.543,0.938,0.728,4,22,1,4
2025-07-10 20:57:14,Germany_level_1_final,Balanced Random Forest,Month+2,0.21,2000-01-01,2024-12-31,2022-01-01,0.865,0.562,1.0,0.619,0.917,0.841,9,15,7,0
2025-07-10 20:57:14,Germany_level_1_final,Balanced Random Forest,Month+3,0.34,2000-01-01,2024-12-31,2022-01-01,0.673,0.583,0.7,0.443,0.819,0.731,7,16,5,3
2025-07-10 20:57:14,Germany_level_1_final,Balanced Random Forest,Month+4,0.1,2000-01-01,2024-12-31,2022-01-01,0.714,0.385,0.909,0.142,0.761,0.555,10,4,16,1
2025-07-10 20:57:14,Germany_level_1_final,Balanced Random Forest,Month+5,0.08,2000-01-01,2024-12-31,2022-01-01,0.685,0.345,0.909,-0.08,0.582,0.48,10,1,19,1
2025-07-10 20:57:14,Germany_level_1_final,Balanced Random Forest,Month+6,0.28,2000-01-01,2024-12-31,2022-01-01,0.547,0.35,0.636,-0.014,0.37,0.493,7,7,13,4
2025-07-10 20:57:16,Germany_level_1_final,Extra Trees,Month+1,0.3,2000-01-01,2024-12-31,2022-01-01,0.795,0.583,0.875,0.591,0.918,0.829,7,18,5,1
2025-07-10 20:57:16,Germany_level_1_final,Extra Trees,Month+2,0.27,2000-01-01,2024-12-31,2022-01-01,0.8,0.571,0.889,0.562,0.909,0.808,8,16,6,1
2025-07-10 20:57:16,Germany_level_1_final,Extra Trees,Month+3,0.24,2000-01-01,2024-12-31,2022-01-01,0.789,0.529,0.9,0.488,0.881,0.76,9,13,8,1
2025-07-10 20:57:16,Germany_level_1_final,Extra Trees,Month+4,0.29,2000-01-01,2024-12-31,2022-01-01,0.678,0.533,0.727,0.361,0.764,0.689,8,13,7,3
2025-07-10 20:57:16,Germany_level_1_final,Extra Trees,Month+5,0.35,2000-01-01,2024-12-31,2022-01-01,0.536,0.5,0.545,0.241,0.636,0.623,6,14,6,5
2025-07-10 20:57:16,Germany_level_1_final,Extra Trees,Month+6,0.11,2000-01-01,2024-12-31,2022-01-01,0.616,0.31,0.818,-0.354,0.536,0.409,9,0,20,2
2025-07-10 20:57:20,Germany_level_1_final,XGBoost,Month+1,0.09,2000-01-01,2024-12-31,2022-01-01,0.795,0.583,0.875,0.591,0.924,0.829,7,18,5,1
2025-07-10 20:57:20,Germany_level_1_final,XGBoost,Month+2,0.05,2000-01-01,2024-12-31,2022-01-01,0.784,0.533,0.889,0.518,0.889,0.785,8,15,7,1
2025-07-10 20:57:20,Germany_level_1_final,XGBoost,Month+3,0.21,2000-01-01,2024-12-31,2022-01-01,0.648,0.5,0.7,0.344,0.8,0.683,7,14,7,3
2025-07-10 20:57:20,Germany_level_1_final,XGBoost,Month+4,0.18,2000-01-01,2024-12-31,2022-01-01,0.678,0.533,0.727,0.361,0.777,0.689,8,13,7,3
2025-07-10 20:57:20,Germany_level_1_final,XGBoost,Month+5,0.07,2000-01-01,2024-12-31,2022-01-01,0.615,0.381,0.727,0.079,0.509,0.539,8,7,13,3
2025-07-10 20:57:20,Germany_level_1_final,XGBoost,Month+6,0.17,2000-01-01,2024-12-31,2022-01-01,0.403,0.278,0.455,-0.19,0.341,0.402,5,7,13,6
2025-07-10 20:57:22,Germany_level_1_final,Logistic Regression,Month+1,0.77,2000-01-01,2024-12-31,2022-01-01,0.294,1.0,0.25,0.445,0.734,0.625,2,23,0,6
2025-07-10 20:57:22,Germany_level_1_final,Logistic Regression,Month+2,0.23,2000-01-01,2024-12-31,2022-01-01,0.7,0.5,0.778,0.419,0.763,0.73,7,15,7,2
2025-07-10 20:57:22,Germany_level_1_final,Logistic Regression,Month+3,0.5,2000-01-01,2024-12-31,2022-01-01,0.673,0.583,0.7,0.443,0.748,0.731,7,16,5,3
2025-07-10 20:57:22,Germany_level_1_final,Logistic Regression,Month+4,0.32,2000-01-01,2024-12-31,2022-01-01,0.667,0.5,0.727,0.313,0.714,0.664,8,12,8,3
2025-07-10 20:57:22,Germany_level_1_final,Logistic Regression,Month+5,0.01,2000-01-01,2024-12-31,2022-01-01,0.685,0.345,0.909,-0.08,0.555,0.48,10,1,19,1
2025-07-10 20:57:22,Germany_level_1_final,Logistic Regression,Month+6,0.21,2000-01-01,2024-12-31,2022-01-01,0.385,0.238,0.455,-0.354,0.386,0.327,5,4,16,6
2025-07-10 20:57:35,Germany_level_1_final,Ensemble (mean),Month+1,0.39,2000-01-01,2024-12-31,2022-01-01,0.875,0.875,0.875,0.832,0.918,0.916,7,22,1,1
2025-07-10 20:57:35,Germany_level_1_final,Ensemble (mean),Month+2,0.21,2000-01-01,2024-12-31,2022-01-01,0.833,0.5,1.0,0.544,0.889,0.795,9,13,9,0
2025-07-10 20:57:35,Germany_level_1_final,Ensemble (mean),Month+3,0.33,2000-01-01,2024-12-31,2022-01-01,0.789,0.529,0.9,0.488,0.757,0.76,9,13,8,1
2025-07-10 20:57:35,Germany_level_1_final,Ensemble (mean),Month+4,0.34,2000-01-01,2024-12-31,2022-01-01,0.738,0.529,0.818,0.402,0.695,0.709,9,12,8,2
2025-07-10 20:57:35,Germany_level_1_final,Ensemble (mean),Month+5,0.3,2000-01-01,2024-12-31,2022-01-01,0.635,0.421,0.727,0.174,0.573,0.589,8,9,11,3
2025-07-10 20:57:35,Germany_level_1_final,Ensemble (mean),Month+6,0.05,2000-01-01,2024-12-31,2022-01-01,0.733,0.355,1.0,0.0,0.414,0.5,11,0,20,0
2025-07-10 20:55:46,Germany_level_2_final,Balanced Random Forest,Month+1,0.53,2000-01-01,2024-12-31,2022-01-01,0.461,0.35,0.5,0.398,0.933,0.737,7,469,13,7
2025-07-10 20:55:46,Germany_level_2_final,Balanced Random Forest,Month+2,0.66,2000-01-01,2024-12-31,2022-01-01,0.147,0.25,0.133,0.164,0.89,0.56,2,475,6,13
2025-07-10 20:55:46,Germany_level_2_final,Balanced Random Forest,Month+3,0.69,2000-01-01,2024-12-31,2022-01-01,0.0,0.0,0.0,-0.016,0.861,0.496,0,476,4,16
2025-07-10 20:55:46,Germany_level_2_final,Balanced Random Forest,Month+4,0.69,2000-01-01,2024-12-31,2022-01-01,0.0,0.0,0.0,-0.021,0.788,0.494,0,473,6,17
2025-07-10 20:55:46,Germany_level_2_final,Balanced Random Forest,Month+5,0.68,2000-01-01,2024-12-31,2022-01-01,0.057,0.05,0.059,0.018,0.77,0.51,1,460,19,16
2025-07-10 20:55:46,Germany_level_2_final,Balanced Random Forest,Month+6,0.71,2000-01-01,2024-12-31,2022-01-01,0.0,0.0,0.0,-0.027,0.757,0.49,0,469,10,17
2025-07-10 20:55:50,Germany_level_2_final,Extra Trees,Month+1,0.48,2000-01-01,2024-12-31,2022-01-01,0.556,0.5,0.571,0.52,0.95,0.777,8,474,8,6
2025-07-10 20:55:50,Germany_level_2_final,Extra Trees,Month+2,0.38,2000-01-01,2024-12-31,2022-01-01,0.372,0.206,0.467,0.278,0.913,0.705,7,454,27,8
2025-07-10 20:55:50,Germany_level_2_final,Extra Trees,Month+3,0.44,2000-01-01,2024-12-31,2022-01-01,0.372,0.233,0.438,0.289,0.9,0.695,7,457,23,9
2025-07-10 20:55:50,Germany_level_2_final,Extra Trees,Month+4,0.42,2000-01-01,2024-12-31,2022-01-01,0.318,0.167,0.412,0.221,0.832,0.669,7,444,35,10
2025-07-10 20:55:50,Germany_level_2_final,Extra Trees,Month+5,0.43,2000-01-01,2024-12-31,2022-01-01,0.234,0.128,0.294,0.151,0.821,0.612,5,445,34,12
2025-07-10 20:55:50,Germany_level_2_final,Extra Trees,Month+6,0.48,2000-01-01,2024-12-31,2022-01-01,0.142,0.079,0.176,0.071,0.793,0.552,3,444,35,14
2025-07-10 20:55:58,Germany_level_2_final,XGBoost,Month+1,0.12,2000-01-01,2024-12-31,2022-01-01,0.519,0.381,0.571,0.448,0.947,0.772,8,469,13,6
2025-07-10 20:55:58,Germany_level_2_final,XGBoost,Month+2,0.07,2000-01-01,2024-12-31,2022-01-01,0.463,0.208,0.667,0.34,0.906,0.794,10,443,38,5
2025-07-10 20:55:58,Germany_level_2_final,XGBoost,Month+3,0.07,2000-01-01,2024-12-31,2022-01-01,0.381,0.167,0.562,0.266,0.876,0.734,9,435,45,7
2025-07-10 20:55:58,Germany_level_2_final,XGBoost,Month+4,0.37,2000-01-01,2024-12-31,2022-01-01,0.161,0.12,0.176,0.109,0.82,0.565,3,457,22,14
2025-07-10 20:55:58,Germany_level_2_final,XGBoost,Month+5,0.32,2000-01-01,2024-12-31,2022-01-01,0.153,0.1,0.176,0.092,0.808,0.56,3,452,27,14
2025-07-10 20:55:58,Germany_level_2_final,XGBoost,Month+6,0.07,2000-01-01,2024-12-31,2022-01-01,0.174,0.066,0.294,0.074,0.786,0.573,5,408,71,12
2025-07-10 20:56:00,Germany_level_2_final,Logistic Regression,Month+1,0.71,2000-01-01,2024-12-31,2022-01-01,0.549,0.286,0.714,0.428,0.948,0.831,10,457,25,4
2025-07-10 20:56:00,Germany_level_2_final,Logistic Regression,Month+2,0.83,2000-01-01,2024-12-31,2022-01-01,0.294,0.2,0.333,0.228,0.854,0.646,5,461,20,10
2025-07-10 20:56:00,Germany_level_2_final,Logistic Regression,Month+3,0.71,2000-01-01,2024-12-31,2022-01-01,0.357,0.167,0.5,0.249,0.862,0.708,8,440,40,8
2025-07-10 20:56:00,Germany_level_2_final,Logistic Regression,Month+4,0.76,2000-01-01,2024-12-31,2022-01-01,0.273,0.143,0.353,0.182,0.806,0.639,6,443,36,11
2025-07-10 20:56:00,Germany_level_2_final,Logistic Regression,Month+5,0.77,2000-01-01,2024-12-31,2022-01-01,0.318,0.167,0.412,0.221,0.804,0.669,7,444,35,10
2025-07-10 20:56:00,Germany_level_2_final,Logistic Regression,Month+6,0.65,2000-01-01,2024-12-31,2022-01-01,0.202,0.089,0.294,0.108,0.779,0.594,5,428,51,12
2025-07-10 20:56:25,Germany_level_2_final,Ensemble (mean),Month+1,0.41,2000-01-01,2024-12-31,2022-01-01,0.581,0.333,0.714,0.467,0.947,0.836,10,462,20,4
2025-07-10 20:56:25,Germany_level_2_final,Ensemble (mean),Month+2,0.43,2000-01-01,2024-12-31,2022-01-01,0.4,0.2,0.533,0.294,0.901,0.733,8,449,32,7
2025-07-10 20:56:25,Germany_level_2_final,Ensemble (mean),Month+3,0.43,2000-01-01,2024-12-31,2022-01-01,0.28,0.14,0.375,0.187,0.878,0.649,6,443,37,10
2025-07-10 20:56:25,Germany_level_2_final,Ensemble (mean),Month+4,0.54,2000-01-01,2024-12-31,2022-01-01,0.238,0.135,0.294,0.157,0.822,0.614,5,447,32,12
2025-07-10 20:56:25,Germany_level_2_final,Ensemble (mean),Month+5,0.48,2000-01-01,2024-12-31,2022-01-01,0.297,0.14,0.412,0.195,0.809,0.661,7,436,43,10
2025-07-10 20:56:25,Germany_level_2_final,Ensemble (mean),Month+6,0.55,2000-01-01,2024-12-31,2022-01-01,0.142,0.079,0.176,0.071,0.776,0.552,3,444,35,14
2025-07-10 20:47:06,Germany_level_3_final,Balanced Random Forest,Month+1,0.77,2000-01-01,2024-12-31,2022-01-01,0.0,0.0,0.0,-0.001,0.832,0.5,0,11477,2,22
2025-07-10 20:47:06,Germany_level_3_final,Balanced Random Forest,Month+2,0.53,2000-01-01,2024-12-31,2022-01-01,0.045,0.053,0.043,0.046,0.841,0.521,1,11460,18,22
2025-07-10 20:47:06,Germany_level_3_final,Balanced Random Forest,Month+3,0.48,2000-01-01,2024-12-31,2022-01-01,0.028,0.012,0.042,0.019,0.79,0.517,1,11395,82,23
2025-07-10 20:47:06,Germany_level_3_final,Balanced Random Forest,Month+4,0.61,2000-01-01,2024-12-31,2022-01-01,0.043,0.059,0.04,0.047,0.746,0.519,1,11460,16,24
2025-07-10 20:47:06,Germany_level_3_final,Balanced Random Forest,Month+5,0.54,2000-01-01,2024-12-31,2022-01-01,0.028,0.013,0.04,0.019,0.774,0.517,1,11399,77,24
2025-07-10 20:47:06,Germany_level_3_final,Balanced Random Forest,Month+6,0.7,2000-01-01,2024-12-31,2022-01-01,0.0,0.0,0.0,-0.001,0.79,0.5,0,11473,3,25
2025-07-10 20:47:49,Germany_level_3_final,Extra Trees,Month+1,0.35,2000-01-01,2024-12-31,2022-01-01,0.076,0.047,0.091,0.063,0.807,0.544,2,11438,41,20
2025-07-10 20:47:49,Germany_level_3_final,Extra Trees,Month+2,0.38,2000-01-01,2024-12-31,2022-01-01,0.065,0.032,0.087,0.049,0.814,0.541,2,11417,61,21
2025-07-10 20:47:49,Germany_level_3_final,Extra Trees,Month+3,0.42,2000-01-01,2024-12-31,2022-01-01,0.045,0.016,0.083,0.032,0.838,0.536,2,11353,124,22
2025-07-10 20:47:49,Germany_level_3_final,Extra Trees,Month+4,0.45,2000-01-01,2024-12-31,2022-01-01,0.028,0.013,0.04,0.019,0.817,0.517,1,11399,77,24
2025-07-10 20:47:49,Germany_level_3_final,Extra Trees,Month+5,0.44,2000-01-01,2024-12-31,2022-01-01,0.027,0.012,0.04,0.018,0.821,0.516,1,11392,84,24
2025-07-10 20:47:49,Germany_level_3_final,Extra Trees,Month+6,0.47,2000-01-01,2024-12-31,2022-01-01,0.031,0.017,0.04,0.023,0.796,0.517,1,11418,58,24
2025-07-10 20:48:38,Germany_level_3_final,XGBoost,Month+1,0.71,2000-01-01,2024-12-31,2022-01-01,0.139,0.15,0.136,0.141,0.836,0.567,3,11462,17,19
2025-07-10 20:48:38,Germany_level_3_final,XGBoost,Month+2,0.36,2000-01-01,2024-12-31,2022-01-01,0.059,0.026,0.087,0.044,0.841,0.54,2,11402,76,21
2025-07-10 20:48:38,Germany_level_3_final,XGBoost,Month+3,0.51,2000-01-01,2024-12-31,2022-01-01,0.029,0.013,0.042,0.02,0.86,0.518,1,11403,74,23
2025-07-10 20:48:38,Germany_level_3_final,XGBoost,Month+4,0.52,2000-01-01,2024-12-31,2022-01-01,0.052,0.022,0.08,0.037,0.843,0.536,2,11385,91,23
2025-07-10 20:48:38,Germany_level_3_final,XGBoost,Month+5,0.39,2000-01-01,2024-12-31,2022-01-01,0.053,0.016,0.12,0.039,0.826,0.552,3,11296,180,22
2025-07-10 20:48:38,Germany_level_3_final,XGBoost,Month+6,0.43,2000-01-01,2024-12-31,2022-01-01,0.058,0.019,0.12,0.043,0.814,0.553,3,11321,155,22
2025-07-10 20:49:26,Germany_level_3_final,Logistic Regression,Month+1,0.77,2000-01-01,2024-12-31,2022-01-01,0.094,0.032,0.182,0.072,0.865,0.586,4,11358,121,18
2025-07-10 20:49:26,Germany_level_3_final,Logistic Regression,Month+2,0.73,2000-01-01,2024-12-31,2022-01-01,0.084,0.022,0.261,0.071,0.83,0.619,6,11217,261,17
2025-07-10 20:49:26,Germany_level_3_final,Logistic Regression,Month+3,0.81,2000-01-01,2024-12-31,2022-01-01,0.07,0.026,0.125,0.052,0.854,0.558,3,11363,114,21
2025-07-10 20:49:26,Germany_level_3_final,Logistic Regression,Month+4,0.82,2000-01-01,2024-12-31,2022-01-01,0.107,0.037,0.2,0.082,0.825,0.594,5,11347,129,20
2025-07-10 20:49:26,Germany_level_3_final,Logistic Regression,Month+5,0.81,2000-01-01,2024-12-31,2022-01-01,0.1,0.034,0.2,0.077,0.84,0.594,5,11332,144,20
2025-07-10 20:49:26,Germany_level_3_final,Logistic Regression,Month+6,0.82,2000-01-01,2024-12-31,2022-01-01,0.067,0.024,0.12,0.049,0.833,0.555,3,11354,122,22
2025-07-10 20:55:06,Germany_level_3_final,Ensemble (mean),Month+1,0.56,2000-01-01,2024-12-31,2022-01-01,0.09,0.087,0.091,0.087,0.867,0.545,2,11458,21,20
2025-07-10 20:55:06,Germany_level_3_final,Ensemble (mean),Month+2,0.64,2000-01-01,2024-12-31,2022-01-01,0.047,0.067,0.043,0.052,0.856,0.521,1,11464,14,22
2025-07-10 20:55:06,Germany_level_3_final,Ensemble (mean),Month+3,0.48,2000-01-01,2024-12-31,2022-01-01,0.064,0.033,0.083,0.049,0.85,0.539,2,11418,59,22
2025-07-10 20:55:06,Germany_level_3_final,Ensemble (mean),Month+4,0.55,2000-01-01,2024-12-31,2022-01-01,0.076,0.062,0.08,0.068,0.833,0.539,2,11446,30,23
2025-07-10 20:55:06,Germany_level_3_final,Ensemble (mean),Month+5,0.48,2000-01-01,2024-12-31,2022-01-01,0.052,0.022,0.08,0.037,0.843,0.536,2,11385,91,23
2025-07-10 20:55:06,Germany_level_3_final,Ensemble (mean),Month+6,0.49,2000-01-01,2024-12-31,2022-01-01,0.053,0.023,0.08,0.039,0.835,0.536,2,11390,86,23
2025-07-10 16:31:03,Greece_level_1_final,Balanced Random Forest,Month+1,0.36,2000-01-01,2024-12-31,2022-01-01,1.0,1.0,1.0,0.0,,1.0,0,0,0,0
2025-07-10 16:31:03,Greece_level_1_final,Balanced Random Forest,Month+2,0.15,2000-01-01,2024-12-31,2022-01-01,1.0,1.0,1.0,0.0,,1.0,0,0,0,0
2025-07-10 16:31:03,Greece_level_1_final,Balanced Random Forest,Month+3,0.09,2000-01-01,2024-12-31,2022-01-01,1.0,1.0,1.0,0.0,,1.0,0,0,0,0
2025-07-10 16:31:03,Greece_level_1_final,Balanced Random Forest,Month+4,0.29,2000-01-01,2024-12-31,2022-01-01,0.974,1.0,0.968,0.0,,0.968,30,0,0,1
2025-07-10 16:31:03,Greece_level_1_final,Balanced Random Forest,Month+5,0.51,2000-01-01,2024-12-31,2022-01-01,0.664,1.0,0.613,0.0,,0.613,19,0,0,12
2025-07-10 16:31:03,Greece_level_1_final,Balanced Random Forest,Month+6,0.41,2000-01-01,2024-12-31,2022-01-01,0.867,1.0,0.839,0.0,,0.839,26,0,0,5
2025-07-10 16:31:06,Greece_level_1_final,Extra Trees,Month+1,0.16,2000-01-01,2024-12-31,2022-01-01,1.0,1.0,1.0,0.0,,1.0,0,0,0,0
2025-07-10 16:31:06,Greece_level_1_final,Extra Trees,Month+2,0.19,2000-01-01,2024-12-31,2022-01-01,1.0,1.0,1.0,0.0,,1.0,0,0,0,0
2025-07-10 16:31:06,Greece_level_1_final,Extra Trees,Month+3,0.11,2000-01-01,2024-12-31,2022-01-01,1.0,1.0,1.0,0.0,,1.0,0,0,0,0
2025-07-10 16:31:06,Greece_level_1_final,Extra Trees,Month+4,0.07,2000-01-01,2024-12-31,2022-01-01,1.0,1.0,1.0,0.0,,1.0,0,0,0,0
2025-07-10 16:31:06,Greece_level_1_final,Extra Trees,Month+5,0.67,2000-01-01,2024-12-31,2022-01-01,0.694,1.0,0.645,0.0,,0.645,20,0,0,11
2025-07-10 16:31:06,Greece_level_1_final,Extra Trees,Month+6,0.57,2000-01-01,2024-12-31,2022-01-01,1.0,1.0,1.0,0.0,,1.0,0,0,0,0
2025-07-10 16:31:10,Greece_level_1_final,XGBoost,Month+1,0.34,2000-01-01,2024-12-31,2022-01-01,1.0,1.0,1.0,0.0,,1.0,0,0,0,0
2025-07-10 16:31:10,Greece_level_1_final,XGBoost,Month+2,0.19,2000-01-01,2024-12-31,2022-01-01,1.0,1.0,1.0,0.0,,1.0,0,0,0,0
2025-07-10 16:31:10,Greece_level_1_final,XGBoost,Month+3,0.3,2000-01-01,2024-12-31,2022-01-01,1.0,1.0,1.0,0.0,,1.0,0,0,0,0
2025-07-10 16:31:10,Greece_level_1_final,XGBoost,Month+4,0.32,2000-01-01,2024-12-31,2022-01-01,1.0,1.0,1.0,0.0,,1.0,0,0,0,0
2025-07-10 16:31:10,Greece_level_1_final,XGBoost,Month+5,0.1,2000-01-01,2024-12-31,2022-01-01,1.0,1.0,1.0,0.0,,1.0,0,0,0,0
2025-07-10 16:31:10,Greece_level_1_final,XGBoost,Month+6,0.11,2000-01-01,2024-12-31,2022-01-01,1.0,1.0,1.0,0.0,,1.0,0,0,0,0
2025-07-10 16:31:12,Greece_level_1_final,Logistic Regression,Month+1,0.37,2000-01-01,2024-12-31,2022-01-01,1.0,1.0,1.0,0.0,,1.0,0,0,0,0
2025-07-10 16:31:12,Greece_level_1_final,Logistic Regression,Month+2,0.06,2000-01-01,2024-12-31,2022-01-01,1.0,1.0,1.0,0.0,,1.0,0,0,0,0
2025-07-10 16:31:12,Greece_level_1_final,Logistic Regression,Month+3,0.04,2000-01-01,2024-12-31,2022-01-01,1.0,1.0,1.0,0.0,,1.0,0,0,0,0
2025-07-10 16:31:12,Greece_level_1_final,Logistic Regression,Month+4,0.06,2000-01-01,2024-12-31,2022-01-01,1.0,1.0,1.0,0.0,,1.0,0,0,0,0
2025-07-10 16:31:12,Greece_level_1_final,Logistic Regression,Month+5,0.07,2000-01-01,2024-12-31,2022-01-01,1.0,1.0,1.0,0.0,,1.0,0,0,0,0
2025-07-10 16:31:12,Greece_level_1_final,Logistic Regression,Month+6,0.1,2000-01-01,2024-12-31,2022-01-01,0.921,1.0,0.903,0.0,,0.903,28,0,0,3
2025-07-10 16:31:28,Greece_level_1_final,Ensemble (mean),Month+1,0.33,2000-01-01,2024-12-31,2022-01-01,1.0,1.0,1.0,0.0,,1.0,0,0,0,0
2025-07-10 16:31:28,Greece_level_1_final,Ensemble (mean),Month+2,0.24,2000-01-01,2024-12-31,2022-01-01,1.0,1.0,1.0,0.0,,1.0,0,0,0,0
2025-07-10 16:31:28,Greece_level_1_final,Ensemble (mean),Month+3,0.25,2000-01-01,2024-12-31,2022-01-01,1.0,1.0,1.0,0.0,,1.0,0,0,0,0
2025-07-10 16:31:28,Greece_level_1_final,Ensemble (mean),Month+4,0.28,2000-01-01,2024-12-31,2022-01-01,1.0,1.0,1.0,0.0,,1.0,0,0,0,0
2025-07-10 16:31:28,Greece_level_1_final,Ensemble (mean),Month+5,0.64,2000-01-01,2024-12-31,2022-01-01,0.921,1.0,0.903,0.0,,0.903,28,0,0,3
2025-07-10 16:31:28,Greece_level_1_final,Ensemble (mean),Month+6,0.23,2000-01-01,2024-12-31,2022-01-01,1.0,1.0,1.0,0.0,,1.0,0,0,0,0
2025-07-10 16:29:54,Greece_level_2_final,Balanced Random Forest,Month+1,0.54,2000-01-01,2024-12-31,2022-01-01,0.24,1.0,0.201,0.0,,0.201,29,0,0,115
2025-07-10 16:29:54,Greece_level_2_final,Balanced Random Forest,Month+2,0.64,2000-01-01,2024-12-31,2022-01-01,0.094,1.0,0.076,0.0,,0.076,11,0,0,133
2025-07-10 16:29:54,Greece_level_2_final,Balanced Random Forest,Month+3,0.62,2000-01-01,2024-12-31,2022-01-01,0.11,1.0,0.09,0.0,,0.09,13,0,0,131
2025-07-10 16:29:54,Greece_level_2_final,Balanced Random Forest,Month+4,0.56,2000-01-01,2024-12-31,2022-01-01,0.192,1.0,0.16,0.0,,0.16,23,0,0,121
2025-07-10 16:29:54,Greece_level_2_final,Balanced Random Forest,Month+5,0.56,2000-01-01,2024-12-31,2022-01-01,0.16,1.0,0.132,0.0,,0.132,19,0,0,125
2025-07-10 16:29:54,Greece_level_2_final,Balanced Random Forest,Month+6,0.5,2000-01-01,2024-12-31,2022-01-01,0.392,1.0,0.34,0.0,,0.34,49,0,0,95
2025-07-10 16:29:58,Greece_level_2_final,Extra Trees,Month+1,0.42,2000-01-01,2024-12-31,2022-01-01,0.966,1.0,0.958,0.0,,0.958,138,0,0,6
2025-07-10 16:29:58,Greece_level_2_final,Extra Trees,Month+2,0.41,2000-01-01,2024-12-31,2022-01-01,0.938,1.0,0.924,0.0,,0.924,133,0,0,11
2025-07-10 16:29:58,Greece_level_2_final,Extra Trees,Month+3,0.42,2000-01-01,2024-12-31,2022-01-01,0.521,1.0,0.465,0.0,,0.465,67,0,0,77
2025-07-10 16:29:58,Greece_level_2_final,Extra Trees,Month+4,0.34,2000-01-01,2024-12-31,2022-01-01,0.838,1.0,0.806,0.0,,0.806,116,0,0,28
2025-07-10 16:29:58,Greece_level_2_final,Extra Trees,Month+5,0.39,2000-01-01,2024-12-31,2022-01-01,0.994,1.0,0.993,0.0,,0.993,143,0,0,1
2025-07-10 16:29:58,Greece_level_2_final,Extra Trees,Month+6,0.42,2000-01-01,2024-12-31,2022-01-01,0.826,1.0,0.792,0.0,,0.792,114,0,0,30
2025-07-10 16:30:06,Greece_level_2_final,XGBoost,Month+1,0.28,2000-01-01,2024-12-31,2022-01-01,1.0,1.0,1.0,0.0,,1.0,0,0,0,0
2025-07-10 16:30:06,Greece_level_2_final,XGBoost,Month+2,0.35,2000-01-01,2024-12-31,2022-01-01,0.886,1.0,0.861,0.0,,0.861,124,0,0,20
2025-07-10 16:30:06,Greece_level_2_final,XGBoost,Month+3,0.26,2000-01-01,2024-12-31,2022-01-01,0.765,1.0,0.722,0.0,,0.722,104,0,0,40
2025-07-10 16:30:06,Greece_level_2_final,XGBoost,Month+4,0.16,2000-01-01,2024-12-31,2022-01-01,0.663,1.0,0.611,0.0,,0.611,88,0,0,56
2025-07-10 16:30:06,Greece_level_2_final,XGBoost,Month+5,0.09,2000-01-01,2024-12-31,2022-01-01,0.783,1.0,0.743,0.0,,0.743,107,0,0,37
2025-07-10 16:30:06,Greece_level_2_final,XGBoost,Month+6,0.12,2000-01-01,2024-12-31,2022-01-01,0.74,1.0,0.694,0.0,,0.694,100,0,0,44
2025-07-10 16:30:08,Greece_level_2_final,Logistic Regression,Month+1,0.72,2000-01-01,2024-12-31,2022-01-01,0.944,1.0,0.931,0.0,,0.931,134,0,0,10
2025-07-10 16:30:08,Greece_level_2_final,Logistic Regression,Month+2,0.92,2000-01-01,2024-12-31,2022-01-01,0.874,1.0,0.847,0.0,,0.847,122,0,0,22
2025-07-10 16:30:08,Greece_level_2_final,Logistic Regression,Month+3,0.91,2000-01-01,2024-12-31,2022-01-01,0.921,1.0,0.903,0.0,,0.903,130,0,0,14
2025-07-10 16:30:08,Greece_level_2_final,Logistic Regression,Month+4,0.46,2000-01-01,2024-12-31,2022-01-01,0.961,1.0,0.951,0.0,,0.951,137,0,0,7
2025-07-10 16:30:08,Greece_level_2_final,Logistic Regression,Month+5,0.48,2000-01-01,2024-12-31,2022-01-01,0.932,1.0,0.917,0.0,,0.917,132,0,0,12
2025-07-10 16:30:08,Greece_level_2_final,Logistic Regression,Month+6,0.56,2000-01-01,2024-12-31,2022-01-01,0.955,1.0,0.944,0.0,,0.944,136,0,0,8
2025-07-10 16:30:33,Greece_level_2_final,Ensemble (mean),Month+1,0.45,2000-01-01,2024-12-31,2022-01-01,0.989,1.0,0.986,0.0,,0.986,142,0,0,2
2025-07-10 16:30:33,Greece_level_2_final,Ensemble (mean),Month+2,0.41,2000-01-01,2024-12-31,2022-01-01,0.961,1.0,0.951,0.0,,0.951,137,0,0,7
2025-07-10 16:30:33,Greece_level_2_final,Ensemble (mean),Month+3,0.38,2000-01-01,2024-12-31,2022-01-01,0.932,1.0,0.917,0.0,,0.917,132,0,0,12
2025-07-10 16:30:33,Greece_level_2_final,Ensemble (mean),Month+4,0.46,2000-01-01,2024-12-31,2022-01-01,0.656,1.0,0.604,0.0,,0.604,87,0,0,57
2025-07-10 16:30:33,Greece_level_2_final,Ensemble (mean),Month+5,0.37,2000-01-01,2024-12-31,2022-01-01,0.874,1.0,0.847,0.0,,0.847,122,0,0,22
2025-07-10 16:30:33,Greece_level_2_final,Ensemble (mean),Month+6,0.31,2000-01-01,2024-12-31,2022-01-01,0.926,1.0,0.91,0.0,,0.91,131,0,0,13
2025-07-10 16:28:29,Greece_level_3_final,Balanced Random Forest,Month+1,0.63,2000-01-01,2024-12-31,2022-01-01,0.093,1.0,0.076,0.12,0.621,0.538,20,57,0,244
2025-07-10 16:28:29,Greece_level_3_final,Balanced Random Forest,Month+2,0.65,2000-01-01,2024-12-31,2022-01-01,0.093,1.0,0.076,0.12,0.615,0.538,20,57,0,244
2025-07-10 16:28:29,Greece_level_3_final,Balanced Random Forest,Month+3,0.71,2000-01-01,2024-12-31,2022-01-01,0.065,1.0,0.053,0.099,0.603,0.527,14,57,0,250
2025-07-10 16:28:29,Greece_level_3_final,Balanced Random Forest,Month+4,0.6,2000-01-01,2024-12-31,2022-01-01,0.061,0.867,0.049,0.026,0.596,0.507,13,55,2,251
2025-07-10 16:28:29,Greece_level_3_final,Balanced Random Forest,Month+5,0.61,2000-01-01,2024-12-31,2022-01-01,0.038,0.889,0.03,0.03,0.598,0.506,8,56,1,256
2025-07-10 16:28:29,Greece_level_3_final,Balanced Random Forest,Month+6,0.62,2000-01-01,2024-12-31,2022-01-01,0.116,1.0,0.095,0.135,0.634,0.547,25,57,0,239
2025-07-10 16:28:34,Greece_level_3_final,Extra Trees,Month+1,0.56,2000-01-01,2024-12-31,2022-01-01,0.051,0.846,0.042,0.013,0.899,0.503,11,55,2,253
2025-07-10 16:28:34,Greece_level_3_final,Extra Trees,Month+2,0.6,2000-01-01,2024-12-31,2022-01-01,0.0,0.0,0.0,-0.12,0.754,0.491,0,56,1,264
2025-07-10 16:28:34,Greece_level_3_final,Extra Trees,Month+3,0.54,2000-01-01,2024-12-31,2022-01-01,0.0,0.0,0.0,-0.297,0.654,0.447,0,51,6,264
2025-07-10 16:28:34,Greece_level_3_final,Extra Trees,Month+4,0.52,2000-01-01,2024-12-31,2022-01-01,0.28,0.913,0.239,0.124,0.826,0.567,63,51,6,201
2025-07-10 16:28:34,Greece_level_3_final,Extra Trees,Month+5,0.51,2000-01-01,2024-12-31,2022-01-01,0.037,0.615,0.03,-0.111,0.755,0.471,8,52,5,256
2025-07-10 16:28:34,Greece_level_3_final,Extra Trees,Month+6,0.49,2000-01-01,2024-12-31,2022-01-01,0.0,0.0,0.0,-0.321,0.625,0.439,0,50,7,264
2025-07-10 16:28:45,Greece_level_3_final,XGBoost,Month+1,0.02,2000-01-01,2024-12-31,2022-01-01,0.994,0.971,1.0,0.913,0.994,0.93,264,49,8,0
2025-07-10 16:28:45,Greece_level_3_final,XGBoost,Month+2,0.09,2000-01-01,2024-12-31,2022-01-01,0.928,0.976,0.917,0.74,0.967,0.906,242,51,6,22
2025-07-10 16:28:45,Greece_level_3_final,XGBoost,Month+3,0.16,2000-01-01,2024-12-31,2022-01-01,0.592,0.941,0.542,0.294,0.804,0.692,143,48,9,121
2025-07-10 16:28:45,Greece_level_3_final,XGBoost,Month+4,0.18,2000-01-01,2024-12-31,2022-01-01,0.177,0.867,0.148,0.047,0.685,0.521,39,51,6,225
2025-07-10 16:28:45,Greece_level_3_final,XGBoost,Month+5,0.16,2000-01-01,2024-12-31,2022-01-01,0.204,0.918,0.17,0.107,0.74,0.55,45,53,4,219
2025-07-10 16:28:45,Greece_level_3_final,XGBoost,Month+6,0.24,2000-01-01,2024-12-31,2022-01-01,0.191,0.977,0.159,0.159,0.728,0.571,42,56,1,222
2025-07-10 16:28:48,Greece_level_3_final,Logistic Regression,Month+1,0.89,2000-01-01,2024-12-31,2022-01-01,0.977,0.977,0.977,0.872,0.994,0.936,258,51,6,6
2025-07-10 16:28:48,Greece_level_3_final,Logistic Regression,Month+2,0.63,2000-01-01,2024-12-31,2022-01-01,0.987,0.967,0.992,0.879,0.994,0.917,262,48,9,2
2025-07-10 16:28:48,Greece_level_3_final,Logistic Regression,Month+3,0.67,2000-01-01,2024-12-31,2022-01-01,0.941,0.947,0.939,0.685,0.96,0.847,248,43,14,16
2025-07-10 16:28:48,Greece_level_3_final,Logistic Regression,Month+4,0.63,2000-01-01,2024-12-31,2022-01-01,0.892,0.947,0.879,0.585,0.922,0.825,232,44,13,32
2025-07-10 16:28:48,Greece_level_3_final,Logistic Regression,Month+5,0.73,2000-01-01,2024-12-31,2022-01-01,0.864,0.969,0.841,0.607,0.883,0.859,222,50,7,42
2025-07-10 16:28:48,Greece_level_3_final,Logistic Regression,Month+6,0.65,2000-01-01,2024-12-31,2022-01-01,0.846,0.956,0.822,0.543,0.859,0.823,217,47,10,47
2025-07-10 16:29:31,Greece_level_3_final,Ensemble (mean),Month+1,0.44,2000-01-01,2024-12-31,2022-01-01,0.903,0.979,0.886,0.7,0.981,0.899,234,52,5,30
2025-07-10 16:29:31,Greece_level_3_final,Ensemble (mean),Month+2,0.48,2000-01-01,2024-12-31,2022-01-01,0.726,0.984,0.682,0.486,0.963,0.815,180,54,3,84
2025-07-10 16:29:31,Greece_level_3_final,Ensemble (mean),Month+3,0.46,2000-01-01,2024-12-31,2022-01-01,0.451,0.972,0.398,0.279,0.891,0.673,105,54,3,159
2025-07-10 16:29:31,Greece_level_3_final,Ensemble (mean),Month+4,0.49,2000-01-01,2024-12-31,2022-01-01,0.173,0.927,0.144,0.105,0.82,0.546,38,54,3,226
2025-07-10 16:29:31,Greece_level_3_final,Ensemble (mean),Month+5,0.49,2000-01-01,2024-12-31,2022-01-01,0.178,0.951,0.148,0.129,0.797,0.556,39,55,2,225
2025-07-10 16:29:31,Greece_level_3_final,Ensemble (mean),Month+6,0.52,2000-01-01,2024-12-31,2022-01-01,0.307,1.0,0.261,0.243,0.827,0.631,69,57,0,195
2025-07-10 18:30:48,Italy_level_1_final,Balanced Random Forest,Month+1,0.34,2000-01-01,2024-12-31,2022-01-01,0.979,0.903,1.0,0.0,0.798,0.5,28,0,3,0
2025-07-10 18:30:48,Italy_level_1_final,Balanced Random Forest,Month+2,0.35,2000-01-01,2024-12-31,2022-01-01,0.979,0.903,1.0,0.0,0.387,0.5,28,0,3,0
2025-07-10 18:30:48,Italy_level_1_final,Balanced Random Forest,Month+3,0.24,2000-01-01,2024-12-31,2022-01-01,0.979,0.903,1.0,0.0,0.25,0.5,28,0,3,0
2025-07-10 18:30:48,Italy_level_1_final,Balanced Random Forest,Month+4,0.35,2000-01-01,2024-12-31,2022-01-01,0.979,0.903,1.0,0.0,0.339,0.5,28,0,3,0
2025-07-10 18:30:48,Italy_level_1_final,Balanced Random Forest,Month+5,0.11,2000-01-01,2024-12-31,2022-01-01,0.979,0.903,1.0,0.0,0.22,0.5,28,0,3,0
2025-07-10 18:30:48,Italy_level_1_final,Balanced Random Forest,Month+6,0.13,2000-01-01,2024-12-31,2022-01-01,0.971,0.871,1.0,0.0,0.319,0.5,27,0,4,0
2025-07-10 18:30:51,Italy_level_1_final,Extra Trees,Month+1,0.22,2000-01-01,2024-12-31,2022-01-01,0.979,0.903,1.0,0.0,0.714,0.5,28,0,3,0
2025-07-10 18:30:51,Italy_level_1_final,Extra Trees,Month+2,0.24,2000-01-01,2024-12-31,2022-01-01,0.979,0.903,1.0,0.0,0.583,0.5,28,0,3,0
2025-07-10 18:30:51,Italy_level_1_final,Extra Trees,Month+3,0.27,2000-01-01,2024-12-31,2022-01-01,0.979,0.903,1.0,0.0,0.714,0.5,28,0,3,0
2025-07-10 18:30:51,Italy_level_1_final,Extra Trees,Month+4,0.13,2000-01-01,2024-12-31,2022-01-01,0.979,0.903,1.0,0.0,0.571,0.5,28,0,3,0
2025-07-10 18:30:51,Italy_level_1_final,Extra Trees,Month+5,0.11,2000-01-01,2024-12-31,2022-01-01,0.979,0.903,1.0,0.0,0.464,0.5,28,0,3,0
2025-07-10 18:30:51,Italy_level_1_final,Extra Trees,Month+6,0.12,2000-01-01,2024-12-31,2022-01-01,0.971,0.871,1.0,0.0,0.667,0.5,27,0,4,0
2025-07-10 18:30:56,Italy_level_1_final,XGBoost,Month+1,0.2,2000-01-01,2024-12-31,2022-01-01,0.979,0.903,1.0,0.0,0.738,0.5,28,0,3,0
2025-07-10 18:30:56,Italy_level_1_final,XGBoost,Month+2,0.1,2000-01-01,2024-12-31,2022-01-01,0.979,0.903,1.0,0.0,0.56,0.5,28,0,3,0
2025-07-10 18:30:56,Italy_level_1_final,XGBoost,Month+3,0.38,2000-01-01,2024-12-31,2022-01-01,0.979,0.903,1.0,0.0,0.119,0.5,28,0,3,0
2025-07-10 18:30:56,Italy_level_1_final,XGBoost,Month+4,0.42,2000-01-01,2024-12-31,2022-01-01,0.979,0.903,1.0,0.0,0.262,0.5,28,0,3,0
2025-07-10 18:30:56,Italy_level_1_final,XGBoost,Month+5,0.49,2000-01-01,2024-12-31,2022-01-01,0.979,0.903,1.0,0.0,0.119,0.5,28,0,3,0
2025-07-10 18:30:56,Italy_level_1_final,XGBoost,Month+6,0.02,2000-01-01,2024-12-31,2022-01-01,0.971,0.871,1.0,0.0,0.361,0.5,27,0,4,0
2025-07-10 18:30:58,Italy_level_1_final,Logistic Regression,Month+1,0.19,2000-01-01,2024-12-31,2022-01-01,0.979,0.903,1.0,0.0,0.583,0.5,28,0,3,0
2025-07-10 18:30:58,Italy_level_1_final,Logistic Regression,Month+2,0.09,2000-01-01,2024-12-31,2022-01-01,0.979,0.903,1.0,0.0,0.571,0.5,28,0,3,0
2025-07-10 18:30:58,Italy_level_1_final,Logistic Regression,Month+3,0.13,2000-01-01,2024-12-31,2022-01-01,0.979,0.903,1.0,0.0,0.56,0.5,28,0,3,0
2025-07-10 18:30:58,Italy_level_1_final,Logistic Regression,Month+4,0.31,2000-01-01,2024-12-31,2022-01-01,0.979,0.903,1.0,0.0,0.571,0.5,28,0,3,0
2025-07-10 18:30:58,Italy_level_1_final,Logistic Regression,Month+5,0.01,2000-01-01,2024-12-31,2022-01-01,0.979,0.903,1.0,0.0,0.56,0.5,28,0,3,0
2025-07-10 18:30:58,Italy_level_1_final,Logistic Regression,Month+6,0.02,2000-01-01,2024-12-31,2022-01-01,0.971,0.871,1.0,0.0,0.269,0.5,27,0,4,0
2025-07-10 18:31:12,Italy_level_1_final,Ensemble (mean),Month+1,0.41,2000-01-01,2024-12-31,2022-01-01,0.979,0.903,1.0,0.0,0.821,0.5,28,0,3,0
2025-07-10 18:31:12,Italy_level_1_final,Ensemble (mean),Month+2,0.22,2000-01-01,2024-12-31,2022-01-01,0.979,0.903,1.0,0.0,0.643,0.5,28,0,3,0
2025-07-10 18:31:12,Italy_level_1_final,Ensemble (mean),Month+3,0.28,2000-01-01,2024-12-31,2022-01-01,0.979,0.903,1.0,0.0,0.452,0.5,28,0,3,0
2025-07-10 18:31:12,Italy_level_1_final,Ensemble (mean),Month+4,0.3,2000-01-01,2024-12-31,2022-01-01,0.979,0.903,1.0,0.0,0.452,0.5,28,0,3,0
2025-07-10 18:31:12,Italy_level_1_final,Ensemble (mean),Month+5,0.4,2000-01-01,2024-12-31,2022-01-01,0.979,0.903,1.0,0.0,0.405,0.5,28,0,3,0
2025-07-10 18:31:12,Italy_level_1_final,Ensemble (mean),Month+6,0.07,2000-01-01,2024-12-31,2022-01-01,0.971,0.871,1.0,0.0,0.5,0.5,27,0,4,0
2025-07-10 18:29:36,Italy_level_2_final,Balanced Random Forest,Month+1,0.47,2000-01-01,2024-12-31,2022-01-01,0.943,0.862,0.966,0.903,0.992,0.975,56,553,9,2
2025-07-10 18:29:36,Italy_level_2_final,Balanced Random Forest,Month+2,0.47,2000-01-01,2024-12-31,2022-01-01,0.875,0.791,0.898,0.825,0.964,0.937,53,547,14,6
2025-07-10 18:29:36,Italy_level_2_final,Balanced Random Forest,Month+3,0.64,2000-01-01,2024-12-31,2022-01-01,0.721,0.758,0.712,0.704,0.933,0.843,47,539,15,19
2025-07-10 18:29:36,Italy_level_2_final,Balanced Random Forest,Month+4,0.63,2000-01-01,2024-12-31,2022-01-01,0.694,0.703,0.692,0.663,0.88,0.829,45,536,19,20
2025-07-10 18:29:36,Italy_level_2_final,Balanced Random Forest,Month+5,0.6,2000-01-01,2024-12-31,2022-01-01,0.675,0.629,0.688,0.616,0.87,0.82,44,530,26,20
2025-07-10 18:29:36,Italy_level_2_final,Balanced Random Forest,Month+6,0.54,2000-01-01,2024-12-31,2022-01-01,0.646,0.506,0.694,0.539,0.868,0.809,43,516,42,19
2025-07-10 18:29:40,Italy_level_2_final,Extra Trees,Month+1,0.41,2000-01-01,2024-12-31,2022-01-01,0.903,0.806,0.931,0.852,0.994,0.954,54,549,13,4
2025-07-10 18:29:40,Italy_level_2_final,Extra Trees,Month+2,0.48,2000-01-01,2024-12-31,2022-01-01,0.844,0.773,0.864,0.797,0.963,0.919,51,546,15,8
2025-07-10 18:29:40,Italy_level_2_final,Extra Trees,Month+3,0.47,2000-01-01,2024-12-31,2022-01-01,0.753,0.735,0.758,0.716,0.909,0.863,50,536,18,16
2025-07-10 18:29:40,Italy_level_2_final,Extra Trees,Month+4,0.42,2000-01-01,2024-12-31,2022-01-01,0.742,0.7,0.754,0.693,0.873,0.858,49,534,21,16
2025-07-10 18:29:40,Italy_level_2_final,Extra Trees,Month+5,0.42,2000-01-01,2024-12-31,2022-01-01,0.688,0.634,0.703,0.627,0.846,0.828,45,530,26,19
2025-07-10 18:29:40,Italy_level_2_final,Extra Trees,Month+6,0.36,2000-01-01,2024-12-31,2022-01-01,0.649,0.393,0.774,0.484,0.843,0.821,48,484,74,14
2025-07-10 18:29:50,Italy_level_2_final,XGBoost,Month+1,0.29,2000-01-01,2024-12-31,2022-01-01,0.956,0.918,0.966,0.935,0.994,0.978,56,557,5,2
2025-07-10 18:29:50,Italy_level_2_final,XGBoost,Month+2,0.37,2000-01-01,2024-12-31,2022-01-01,0.875,0.852,0.881,0.853,0.976,0.933,52,552,9,7
2025-07-10 18:29:50,Italy_level_2_final,XGBoost,Month+3,0.59,2000-01-01,2024-12-31,2022-01-01,0.741,0.8,0.727,0.736,0.928,0.853,48,542,12,18
2025-07-10 18:29:50,Italy_level_2_final,XGBoost,Month+4,0.48,2000-01-01,2024-12-31,2022-01-01,0.71,0.719,0.708,0.68,0.889,0.838,46,537,18,19
2025-07-10 18:29:50,Italy_level_2_final,XGBoost,Month+5,0.51,2000-01-01,2024-12-31,2022-01-01,0.679,0.647,0.688,0.627,0.857,0.822,44,532,24,20
2025-07-10 18:29:50,Italy_level_2_final,XGBoost,Month+6,0.43,2000-01-01,2024-12-31,2022-01-01,0.65,0.518,0.694,0.548,0.874,0.811,43,518,40,19
2025-07-10 18:29:52,Italy_level_2_final,Logistic Regression,Month+1,0.76,2000-01-01,2024-12-31,2022-01-01,0.935,0.887,0.948,0.908,0.991,0.968,55,555,7,3
2025-07-10 18:29:52,Italy_level_2_final,Logistic Regression,Month+2,0.63,2000-01-01,2024-12-31,2022-01-01,0.861,0.788,0.881,0.815,0.953,0.928,52,547,14,7
2025-07-10 18:29:52,Italy_level_2_final,Logistic Regression,Month+3,0.72,2000-01-01,2024-12-31,2022-01-01,0.734,0.762,0.727,0.715,0.886,0.85,48,539,15,18
2025-07-10 18:29:52,Italy_level_2_final,Logistic Regression,Month+4,0.58,2000-01-01,2024-12-31,2022-01-01,0.68,0.59,0.708,0.6,0.849,0.825,46,523,32,19
2025-07-10 18:29:52,Italy_level_2_final,Logistic Regression,Month+5,0.66,2000-01-01,2024-12-31,2022-01-01,0.679,0.647,0.688,0.627,0.824,0.822,44,532,24,20
2025-07-10 18:29:52,Italy_level_2_final,Logistic Regression,Month+6,0.5,2000-01-01,2024-12-31,2022-01-01,0.608,0.386,0.71,0.452,0.843,0.792,44,488,70,18
2025-07-10 18:30:26,Italy_level_2_final,Ensemble (mean),Month+1,0.4,2000-01-01,2024-12-31,2022-01-01,0.943,0.862,0.966,0.903,0.996,0.975,56,553,9,2
2025-07-10 18:30:26,Italy_level_2_final,Ensemble (mean),Month+2,0.49,2000-01-01,2024-12-31,2022-01-01,0.856,0.823,0.864,0.826,0.972,0.922,51,550,11,8
2025-07-10 18:30:26,Italy_level_2_final,Ensemble (mean),Month+3,0.47,2000-01-01,2024-12-31,2022-01-01,0.732,0.75,0.727,0.708,0.927,0.849,48,538,16,18
2025-07-10 18:30:26,Italy_level_2_final,Ensemble (mean),Month+4,0.41,2000-01-01,2024-12-31,2022-01-01,0.731,0.61,0.769,0.643,0.889,0.856,50,523,32,15
2025-07-10 18:30:26,Italy_level_2_final,Ensemble (mean),Month+5,0.35,2000-01-01,2024-12-31,2022-01-01,0.661,0.41,0.781,0.499,0.864,0.826,50,484,72,14
2025-07-10 18:30:26,Italy_level_2_final,Ensemble (mean),Month+6,0.37,2000-01-01,2024-12-31,2022-01-01,0.646,0.374,0.79,0.473,0.857,0.822,49,476,82,13
2025-07-10 18:26:22,Italy_level_3_final,Balanced Random Forest,Month+1,0.44,2000-01-01,2024-12-31,2022-01-01,0.889,0.762,0.928,0.837,0.996,0.961,64,3206,20,5
2025-07-10 18:26:22,Italy_level_3_final,Balanced Random Forest,Month+2,0.67,2000-01-01,2024-12-31,2022-01-01,0.757,0.757,0.757,0.752,0.972,0.876,53,3208,17,17
2025-07-10 18:26:22,Italy_level_3_final,Balanced Random Forest,Month+3,0.7,2000-01-01,2024-12-31,2022-01-01,0.543,0.682,0.517,0.584,0.907,0.755,45,3187,21,42
2025-07-10 18:26:22,Italy_level_3_final,Balanced Random Forest,Month+4,0.76,2000-01-01,2024-12-31,2022-01-01,0.515,0.7,0.483,0.572,0.859,0.739,42,3190,18,45
2025-07-10 18:26:22,Italy_level_3_final,Balanced Random Forest,Month+5,0.66,2000-01-01,2024-12-31,2022-01-01,0.458,0.368,0.489,0.406,0.845,0.733,43,3133,74,45
2025-07-10 18:26:22,Italy_level_3_final,Balanced Random Forest,Month+6,0.69,2000-01-01,2024-12-31,2022-01-01,0.429,0.306,0.477,0.361,0.819,0.724,41,3116,93,45
2025-07-10 18:26:34,Italy_level_3_final,Extra Trees,Month+1,0.37,2000-01-01,2024-12-31,2022-01-01,0.824,0.72,0.855,0.779,0.992,0.924,59,3203,23,10
2025-07-10 18:26:34,Italy_level_3_final,Extra Trees,Month+2,0.43,2000-01-01,2024-12-31,2022-01-01,0.724,0.616,0.757,0.676,0.962,0.873,53,3192,33,17
2025-07-10 18:26:34,Italy_level_3_final,Extra Trees,Month+3,0.47,2000-01-01,2024-12-31,2022-01-01,0.533,0.505,0.54,0.509,0.851,0.763,47,3162,46,40
2025-07-10 18:26:34,Italy_level_3_final,Extra Trees,Month+4,0.51,2000-01-01,2024-12-31,2022-01-01,0.507,0.512,0.506,0.495,0.794,0.746,44,3166,42,43
2025-07-10 18:26:34,Italy_level_3_final,Extra Trees,Month+5,0.5,2000-01-01,2024-12-31,2022-01-01,0.468,0.402,0.489,0.426,0.769,0.734,43,3143,64,45
2025-07-10 18:26:34,Italy_level_3_final,Extra Trees,Month+6,0.51,2000-01-01,2024-12-31,2022-01-01,0.503,0.361,0.558,0.431,0.76,0.766,48,3124,85,38
2025-07-10 18:26:54,Italy_level_3_final,XGBoost,Month+1,0.56,2000-01-01,2024-12-31,2022-01-01,0.92,0.889,0.928,0.906,0.998,0.963,64,3218,8,5
2025-07-10 18:26:54,Italy_level_3_final,XGBoost,Month+2,0.51,2000-01-01,2024-12-31,2022-01-01,0.815,0.763,0.829,0.791,0.976,0.911,58,3207,18,12
2025-07-10 18:26:54,Italy_level_3_final,XGBoost,Month+3,0.52,2000-01-01,2024-12-31,2022-01-01,0.618,0.607,0.621,0.603,0.923,0.805,54,3173,35,33
2025-07-10 18:26:54,Italy_level_3_final,XGBoost,Month+4,0.45,2000-01-01,2024-12-31,2022-01-01,0.52,0.376,0.575,0.447,0.835,0.774,50,3125,83,37
2025-07-10 18:26:54,Italy_level_3_final,XGBoost,Month+5,0.55,2000-01-01,2024-12-31,2022-01-01,0.465,0.322,0.523,0.39,0.817,0.746,46,3110,97,42
2025-07-10 18:26:54,Italy_level_3_final,XGBoost,Month+6,0.6,2000-01-01,2024-12-31,2022-01-01,0.429,0.26,0.512,0.342,0.807,0.736,44,3084,125,42
2025-07-10 18:27:01,Italy_level_3_final,Logistic Regression,Month+1,0.72,2000-01-01,2024-12-31,2022-01-01,0.774,0.481,0.913,0.654,0.982,0.946,63,3158,68,6
2025-07-10 18:27:01,Italy_level_3_final,Logistic Regression,Month+2,0.7,2000-01-01,2024-12-31,2022-01-01,0.702,0.436,0.829,0.59,0.948,0.903,58,3150,75,12
2025-07-10 18:27:01,Italy_level_3_final,Logistic Regression,Month+3,0.74,2000-01-01,2024-12-31,2022-01-01,0.523,0.385,0.575,0.453,0.858,0.775,50,3128,80,37
2025-07-10 18:27:01,Italy_level_3_final,Logistic Regression,Month+4,0.7,2000-01-01,2024-12-31,2022-01-01,0.476,0.271,0.586,0.376,0.789,0.772,51,3071,137,36
2025-07-10 18:27:01,Italy_level_3_final,Logistic Regression,Month+5,0.7,2000-01-01,2024-12-31,2022-01-01,0.392,0.19,0.534,0.289,0.766,0.736,47,3007,200,41
2025-07-10 18:27:01,Italy_level_3_final,Logistic Regression,Month+6,0.64,2000-01-01,2024-12-31,2022-01-01,0.384,0.15,0.628,0.272,0.763,0.766,54,2903,306,32
2025-07-10 18:28:50,Italy_level_3_final,Ensemble (mean),Month+1,0.34,2000-01-01,2024-12-31,2022-01-01,0.895,0.747,0.942,0.835,0.996,0.968,65,3204,22,4
2025-07-10 18:28:50,Italy_level_3_final,Ensemble (mean),Month+2,0.42,2000-01-01,2024-12-31,2022-01-01,0.804,0.645,0.857,0.737,0.967,0.923,60,3192,33,10
2025-07-10 18:28:50,Italy_level_3_final,Ensemble (mean),Month+3,0.51,2000-01-01,2024-12-31,2022-01-01,0.58,0.554,0.586,0.558,0.885,0.787,51,3167,41,36
2025-07-10 18:28:50,Italy_level_3_final,Ensemble (mean),Month+4,0.64,2000-01-01,2024-12-31,2022-01-01,0.532,0.6,0.517,0.546,0.841,0.754,45,3178,30,42
2025-07-10 18:28:50,Italy_level_3_final,Ensemble (mean),Month+5,0.63,2000-01-01,2024-12-31,2022-01-01,0.462,0.446,0.466,0.44,0.801,0.725,41,3156,51,47
2025-07-10 18:28:50,Italy_level_3_final,Ensemble (mean),Month+6,0.64,2000-01-01,2024-12-31,2022-01-01,0.451,0.369,0.477,0.402,0.79,0.727,41,3139,70,45
2025-07-10 19:52:27,Switzerland_level_1_final,Balanced Random Forest,Month+1,0.57,2000-01-01,2024-12-31,2022-01-01,0.0,0.0,0.0,0.0,,0.806,0,25,6,0
2025-07-10 19:52:27,Switzerland_level_1_final,Balanced Random Forest,Month+2,0.52,2000-01-01,2024-12-31,2022-01-01,0.0,0.0,0.0,0.0,,0.806,0,25,6,0
2025-07-10 19:52:27,Switzerland_level_1_final,Balanced Random Forest,Month+3,0.69,2000-01-01,2024-12-31,2022-01-01,0.0,0.0,0.0,-0.048,0.767,0.467,0,28,2,1
2025-07-10 19:52:27,Switzerland_level_1_final,Balanced Random Forest,Month+4,0.68,2000-01-01,2024-12-31,2022-01-01,0.417,0.25,0.5,0.291,0.845,0.698,1,26,3,1
2025-07-10 19:52:27,Switzerland_level_1_final,Balanced Random Forest,Month+5,0.73,2000-01-01,2024-12-31,2022-01-01,0.0,0.0,0.0,-0.107,0.827,0.446,0,25,3,3
2025-07-10 19:52:27,Switzerland_level_1_final,Balanced Random Forest,Month+6,0.69,2000-01-01,2024-12-31,2022-01-01,0.312,0.25,0.333,0.199,0.804,0.613,1,25,3,2
2025-07-10 19:52:30,Switzerland_level_1_final,Extra Trees,Month+1,0.33,2000-01-01,2024-12-31,2022-01-01,0.0,0.0,0.0,0.0,,0.871,0,27,4,0
2025-07-10 19:52:30,Switzerland_level_1_final,Extra Trees,Month+2,0.28,2000-01-01,2024-12-31,2022-01-01,0.0,0.0,0.0,0.0,,0.871,0,27,4,0
2025-07-10 19:52:30,Switzerland_level_1_final,Extra Trees,Month+3,0.42,2000-01-01,2024-12-31,2022-01-01,0.0,0.0,0.0,-0.06,0.733,0.45,0,27,3,1
2025-07-10 19:52:30,Switzerland_level_1_final,Extra Trees,Month+4,0.31,2000-01-01,2024-12-31,2022-01-01,0.417,0.25,0.5,0.291,0.828,0.698,1,26,3,1
2025-07-10 19:52:30,Switzerland_level_1_final,Extra Trees,Month+5,0.43,2000-01-01,2024-12-31,2022-01-01,0.333,0.333,0.333,0.262,0.881,0.631,1,26,2,2
2025-07-10 19:52:30,Switzerland_level_1_final,Extra Trees,Month+6,0.71,2000-01-01,2024-12-31,2022-01-01,0.0,0.0,0.0,0.0,0.845,0.5,0,28,0,3
2025-07-10 19:52:33,Switzerland_level_1_final,XGBoost,Month+1,0.01,2000-01-01,2024-12-31,2022-01-01,0.0,0.0,0.0,0.0,,0.613,0,19,12,0
2025-07-10 19:52:33,Switzerland_level_1_final,XGBoost,Month+2,0.02,2000-01-01,2024-12-31,2022-01-01,0.0,0.0,0.0,0.0,,0.71,0,22,9,0
2025-07-10 19:52:33,Switzerland_level_1_final,XGBoost,Month+3,0.47,2000-01-01,2024-12-31,2022-01-01,0.0,0.0,0.0,0.0,0.7,0.5,0,30,0,1
2025-07-10 19:52:33,Switzerland_level_1_final,XGBoost,Month+4,0.06,2000-01-01,2024-12-31,2022-01-01,0.0,0.0,0.0,-0.101,0.828,0.431,0,25,4,2
2025-07-10 19:52:33,Switzerland_level_1_final,XGBoost,Month+5,0.12,2000-01-01,2024-12-31,2022-01-01,0.333,0.333,0.333,0.262,0.881,0.631,1,26,2,2
2025-07-10 19:52:33,Switzerland_level_1_final,XGBoost,Month+6,0.53,2000-01-01,2024-12-31,2022-01-01,0.0,0.0,0.0,0.0,0.893,0.5,0,28,0,3
2025-07-10 19:52:35,Switzerland_level_1_final,Logistic Regression,Month+1,0.01,2000-01-01,2024-12-31,2022-01-01,0.0,0.0,0.0,0.0,,0.71,0,22,9,0
2025-07-10 19:52:35,Switzerland_level_1_final,Logistic Regression,Month+2,0.91,2000-01-01,2024-12-31,2022-01-01,0.0,0.0,0.0,0.0,,0.968,0,30,1,0
2025-07-10 19:52:35,Switzerland_level_1_final,Logistic Regression,Month+3,0.2,2000-01-01,2024-12-31,2022-01-01,0.455,0.143,1.0,0.338,0.933,0.9,1,24,6,0
2025-07-10 19:52:35,Switzerland_level_1_final,Logistic Regression,Month+4,0.12,2000-01-01,2024-12-31,2022-01-01,0.625,0.25,1.0,0.445,1.0,0.897,2,23,6,0
2025-07-10 19:52:35,Switzerland_level_1_final,Logistic Regression,Month+5,0.44,2000-01-01,2024-12-31,2022-01-01,0.588,0.4,0.667,0.45,0.881,0.78,2,25,3,1
2025-07-10 19:52:35,Switzerland_level_1_final,Logistic Regression,Month+6,0.85,2000-01-01,2024-12-31,2022-01-01,0.0,0.0,0.0,-0.06,0.869,0.482,0,27,1,3
2025-07-10 19:52:45,Switzerland_level_1_final,Ensemble (mean),Month+1,0.1,2000-01-01,2024-12-31,2022-01-01,0.0,0.0,0.0,0.0,,0.645,0,20,11,0
2025-07-10 19:52:45,Switzerland_level_1_final,Ensemble (mean),Month+2,0.21,2000-01-01,2024-12-31,2022-01-01,0.0,0.0,0.0,0.0,,0.806,0,25,6,0
2025-07-10 19:52:45,Switzerland_level_1_final,Ensemble (mean),Month+3,0.35,2000-01-01,2024-12-31,2022-01-01,0.0,0.0,0.0,-0.08,0.8,0.417,0,25,5,1
2025-07-10 19:52:45,Switzerland_level_1_final,Ensemble (mean),Month+4,0.3,2000-01-01,2024-12-31,2022-01-01,0.357,0.167,0.5,0.204,0.862,0.664,1,24,5,1
2025-07-10 19:52:45,Switzerland_level_1_final,Ensemble (mean),Month+5,0.47,2000-01-01,2024-12-31,2022-01-01,0.333,0.333,0.333,0.262,0.869,0.631,1,26,2,2
2025-07-10 19:52:45,Switzerland_level_1_final,Ensemble (mean),Month+6,0.66,2000-01-01,2024-12-31,2022-01-01,0.0,0.0,0.0,0.0,0.94,0.5,0,28,0,3
2025-07-10 22:10:28,United_Kingdom_level_1_final,Balanced Random Forest,Month+1,0.68,2000-01-01,2024-12-31,2022-01-01,0.238,1.0,0.2,0.416,0.935,0.6,1,26,0,4
2025-07-10 22:10:28,United_Kingdom_level_1_final,Balanced Random Forest,Month+2,0.56,2000-01-01,2024-12-31,2022-01-01,0.625,0.75,0.6,0.616,0.95,0.781,3,25,1,2
2025-07-10 22:10:28,United_Kingdom_level_1_final,Balanced Random Forest,Month+3,0.34,2000-01-01,2024-12-31,2022-01-01,0.714,0.333,1.0,0.416,0.973,0.76,6,13,12,0
2025-07-10 22:10:28,United_Kingdom_level_1_final,Balanced Random Forest,Month+4,0.01,2000-01-01,2024-12-31,2022-01-01,0.593,0.226,1.0,0.0,0.884,0.5,7,0,24,0
2025-07-10 22:10:28,United_Kingdom_level_1_final,Balanced Random Forest,Month+5,0.01,2000-01-01,2024-12-31,2022-01-01,0.635,0.258,1.0,0.0,0.894,0.5,8,0,23,0
2025-07-10 22:10:28,United_Kingdom_level_1_final,Balanced Random Forest,Month+6,0.01,2000-01-01,2024-12-31,2022-01-01,0.672,0.29,1.0,0.0,0.891,0.5,9,0,22,0
2025-07-10 22:10:30,United_Kingdom_level_1_final,Extra Trees,Month+1,0.28,2000-01-01,2024-12-31,2022-01-01,0.4,0.4,0.4,0.285,0.885,0.642,2,23,3,3
2025-07-10 22:10:30,United_Kingdom_level_1_final,Extra Trees,Month+2,0.25,2000-01-01,2024-12-31,2022-01-01,0.2,0.2,0.2,0.046,0.838,0.523,1,22,4,4
2025-07-10 22:10:30,United_Kingdom_level_1_final,Extra Trees,Month+3,0.35,2000-01-01,2024-12-31,2022-01-01,0.192,0.5,0.167,0.204,0.827,0.563,1,24,1,5
2025-07-10 22:10:30,United_Kingdom_level_1_final,Extra Trees,Month+4,0.01,2000-01-01,2024-12-31,2022-01-01,0.625,0.25,1.0,0.177,0.857,0.562,7,3,21,0
2025-07-10 22:10:30,United_Kingdom_level_1_final,Extra Trees,Month+5,0.01,2000-01-01,2024-12-31,2022-01-01,0.645,0.267,1.0,0.108,0.957,0.522,8,1,22,0
2025-07-10 22:10:30,United_Kingdom_level_1_final,Extra Trees,Month+6,0.01,2000-01-01,2024-12-31,2022-01-01,0.692,0.31,1.0,0.168,0.944,0.545,9,2,20,0
2025-07-10 22:10:33,United_Kingdom_level_1_final,XGBoost,Month+1,0.09,2000-01-01,2024-12-31,2022-01-01,0.652,1.0,0.6,0.746,0.931,0.8,3,26,0,2
2025-07-10 22:10:33,United_Kingdom_level_1_final,XGBoost,Month+2,0.08,2000-01-01,2024-12-31,2022-01-01,0.455,1.0,0.4,0.599,0.915,0.7,2,26,0,3
2025-07-10 22:10:33,United_Kingdom_level_1_final,XGBoost,Month+3,0.08,2000-01-01,2024-12-31,2022-01-01,0.385,1.0,0.333,0.536,0.927,0.667,2,25,0,4
2025-07-10 22:10:33,United_Kingdom_level_1_final,XGBoost,Month+4,0.01,2000-01-01,2024-12-31,2022-01-01,0.729,0.35,1.0,0.401,0.929,0.729,7,11,13,0
2025-07-10 22:10:33,United_Kingdom_level_1_final,XGBoost,Month+5,0.01,2000-01-01,2024-12-31,2022-01-01,0.769,0.4,1.0,0.437,0.929,0.739,8,11,12,0
2025-07-10 22:10:33,United_Kingdom_level_1_final,XGBoost,Month+6,0.01,2000-01-01,2024-12-31,2022-01-01,0.75,0.375,1.0,0.345,0.955,0.659,9,7,15,0
2025-07-10 22:10:35,United_Kingdom_level_1_final,Logistic Regression,Month+1,0.25,2000-01-01,2024-12-31,2022-01-01,0.577,0.5,0.6,0.451,0.846,0.742,3,23,3,2
2025-07-10 22:10:35,United_Kingdom_level_1_final,Logistic Regression,Month+2,0.12,2000-01-01,2024-12-31,2022-01-01,0.577,0.5,0.6,0.451,0.892,0.742,3,23,3,2
2025-07-10 22:10:35,United_Kingdom_level_1_final,Logistic Regression,Month+3,0.14,2000-01-01,2024-12-31,2022-01-01,0.5,0.5,0.5,0.38,0.873,0.69,3,22,3,3
2025-07-10 22:10:35,United_Kingdom_level_1_final,Logistic Regression,Month+4,0.01,2000-01-01,2024-12-31,2022-01-01,0.75,0.5,0.857,0.521,0.833,0.804,6,18,6,1
2025-07-10 22:10:35,United_Kingdom_level_1_final,Logistic Regression,Month+5,0.01,2000-01-01,2024-12-31,2022-01-01,0.698,0.545,0.75,0.487,0.745,0.766,6,18,5,2
2025-07-10 22:10:35,United_Kingdom_level_1_final,Logistic Regression,Month+6,0.01,2000-01-01,2024-12-31,2022-01-01,0.727,0.421,0.889,0.362,0.737,0.694,8,11,11,1
2025-07-10 22:10:44,United_Kingdom_level_1_final,Ensemble (mean),Month+1,0.240,2000-01-01,2024-12-31,2022-01-01,0.577,0.500,0.600,0.451,0.931,0.742,3,23,3,2
2025-07-10 22:10:44,United_Kingdom_level_1_final,Ensemble (mean),Month+2,0.250,2000-01-01,2024-12-31,2022-01-01,0.400,0.400,0.400,0.285,0.877,0.642,2,23,3,3
2025-07-10 22:10:44,United_Kingdom_level_1_final,Ensemble (mean),Month+3,0.260,2000-01-01,2024-12-31,2022-01-01,0.345,0.400,0.333,0.229,0.853,0.607,2,22,3,4
2025-07-10 22:10:44,United_Kingdom_level_1_final,Ensemble (mean),Month+4,0.010,2000-01-01,2024-12-31,2022-01-01,0.593,0.226,1.000,0.000,0.875,0.500,7,0,24,0
2025-07-10 22:10:44,United_Kingdom_level_1_final,Ensemble (mean),Month+5,0.010,2000-01-01,2024-12-31,2022-01-01,0.635,0.258,1.000,0.000,0.880,0.500,8,0,23,0
2025-07-10 22:10:44,United_Kingdom_level_1_final,Ensemble (mean),Month+6,0.010,2000-01-01,2024-12-31,2022-01-01,0.672,0.290,1.000,0.000,0.869,0.500,9,0,22,0
2025-07-10 22:08:06,United_Kingdom_level_2_final,Balanced Random Forest,Month+1,0.92,2000-01-01,2024-12-31,2022-01-01,0.0,0.0,0.0,0.0,0.875,0.5,0,4049,0,12
2025-07-10 22:08:06,United_Kingdom_level_2_final,Balanced Random Forest,Month+2,0.93,2000-01-01,2024-12-31,2022-01-01,0.0,0.0,0.0,0.0,0.866,0.5,0,4049,0,12
2025-07-10 22:08:06,United_Kingdom_level_2_final,Balanced Random Forest,Month+3,0.8,2000-01-01,2024-12-31,2022-01-01,0.0,0.0,0.0,-0.002,0.834,0.499,0,4039,6,16
2025-07-10 22:08:06,United_Kingdom_level_2_final,Balanced Random Forest,Month+4,0.86,2000-01-01,2024-12-31,2022-01-01,0.0,0.0,0.0,0.0,0.828,0.5,0,4032,0,29
2025-07-10 22:08:06,United_Kingdom_level_2_final,Balanced Random Forest,Month+5,0.9,2000-01-01,2024-12-31,2022-01-01,0.0,0.0,0.0,0.0,0.846,0.5,0,4010,0,51
2025-07-10 22:08:06,United_Kingdom_level_2_final,Balanced Random Forest,Month+6,0.86,2000-01-01,2024-12-31,2022-01-01,0.0,0.0,0.0,0.0,0.845,0.5,0,3984,0,77
2025-07-10 22:08:15,United_Kingdom_level_2_final,Extra Trees,Month+1,0.68,2000-01-01,2024-12-31,2022-01-01,0.094,0.2,0.083,0.127,0.955,0.541,1,4045,4,11
2025-07-10 22:08:15,United_Kingdom_level_2_final,Extra Trees,Month+2,0.69,2000-01-01,2024-12-31,2022-01-01,0.0,0.0,0.0,-0.001,0.967,0.5,0,4046,3,12
2025-07-10 22:08:15,United_Kingdom_level_2_final,Extra Trees,Month+3,0.69,2000-01-01,2024-12-31,2022-01-01,0.0,0.0,0.0,-0.001,0.915,0.5,0,4043,2,16
2025-07-10 22:08:15,United_Kingdom_level_2_final,Extra Trees,Month+4,0.72,2000-01-01,2024-12-31,2022-01-01,0.0,0.0,0.0,-0.001,0.848,0.5,0,4031,1,29
2025-07-10 22:08:15,United_Kingdom_level_2_final,Extra Trees,Month+5,0.72,2000-01-01,2024-12-31,2022-01-01,0.0,0.0,0.0,0.0,0.828,0.5,0,4010,0,51
2025-07-10 22:08:15,United_Kingdom_level_2_final,Extra Trees,Month+6,0.7,2000-01-01,2024-12-31,2022-01-01,0.0,0.0,0.0,0.0,0.839,0.5,0,3984,0,77
2025-07-10 22:08:35,United_Kingdom_level_2_final,XGBoost,Month+1,0.18,2000-01-01,2024-12-31,2022-01-01,0.667,0.667,0.667,0.666,0.987,0.833,8,4045,4,4
2025-07-10 22:08:35,United_Kingdom_level_2_final,XGBoost,Month+2,0.12,2000-01-01,2024-12-31,2022-01-01,0.339,0.364,0.333,0.346,0.968,0.666,4,4042,7,8
2025-07-10 22:08:35,United_Kingdom_level_2_final,XGBoost,Month+3,0.4,2000-01-01,2024-12-31,2022-01-01,0.071,0.167,0.062,0.1,0.932,0.531,1,4040,5,15
2025-07-10 22:08:35,United_Kingdom_level_2_final,XGBoost,Month+4,0.44,2000-01-01,2024-12-31,2022-01-01,0.0,0.0,0.0,-0.002,0.898,0.5,0,4030,2,29
2025-07-10 22:08:35,United_Kingdom_level_2_final,XGBoost,Month+5,0.38,2000-01-01,2024-12-31,2022-01-01,0.0,0.0,0.0,0.0,0.888,0.5,0,4010,0,51
2025-07-10 22:08:35,United_Kingdom_level_2_final,XGBoost,Month+6,0.32,2000-01-01,2024-12-31,2022-01-01,0.0,0.0,0.0,0.0,0.881,0.5,0,3984,0,77
2025-07-10 22:08:41,United_Kingdom_level_2_final,Logistic Regression,Month+1,0.89,2000-01-01,2024-12-31,2022-01-01,0.449,0.233,0.583,0.366,0.913,0.789,7,4026,23,5
2025-07-10 22:08:41,United_Kingdom_level_2_final,Logistic Regression,Month+2,0.99,2000-01-01,2024-12-31,2022-01-01,0.282,0.174,0.333,0.238,0.91,0.664,4,4030,19,8
2025-07-10 22:08:41,United_Kingdom_level_2_final,Logistic Regression,Month+3,0.97,2000-01-01,2024-12-31,2022-01-01,0.238,0.2,0.25,0.22,0.861,0.623,4,4029,16,12
2025-07-10 22:08:41,United_Kingdom_level_2_final,Logistic Regression,Month+4,0.99,2000-01-01,2024-12-31,2022-01-01,0.18,0.217,0.172,0.188,0.765,0.584,5,4014,18,24
2025-07-10 22:08:41,United_Kingdom_level_2_final,Logistic Regression,Month+5,0.98,2000-01-01,2024-12-31,2022-01-01,0.175,0.17,0.176,0.162,0.714,0.583,9,3966,44,42
2025-07-10 22:08:41,United_Kingdom_level_2_final,Logistic Regression,Month+6,0.98,2000-01-01,2024-12-31,2022-01-01,0.171,0.178,0.169,0.158,0.775,0.577,13,3924,60,64
2025-07-10 22:09:58,United_Kingdom_level_2_final,Ensemble (mean),Month+1,0.67,2000-01-01,2024-12-31,2022-01-01,0.439,0.556,0.417,0.48,0.976,0.708,5,4045,4,7
2025-07-10 22:09:58,United_Kingdom_level_2_final,Ensemble (mean),Month+2,0.61,2000-01-01,2024-12-31,2022-01-01,0.278,0.5,0.25,0.352,0.971,0.625,3,4046,3,9
2025-07-10 22:09:58,United_Kingdom_level_2_final,Ensemble (mean),Month+3,0.64,2000-01-01,2024-12-31,2022-01-01,0.072,0.2,0.062,0.11,0.899,0.531,1,4041,4,15
2025-07-10 22:09:58,United_Kingdom_level_2_final,Ensemble (mean),Month+4,0.66,2000-01-01,2024-12-31,2022-01-01,0.0,0.0,0.0,-0.001,0.89,0.5,0,4031,1,29
2025-07-10 22:09:58,United_Kingdom_level_2_final,Ensemble (mean),Month+5,0.67,2000-01-01,2024-12-31,2022-01-01,0.0,0.0,0.0,0.0,0.874,0.5,0,4010,0,51
2025-07-10 22:09:58,United_Kingdom_level_2_final,Ensemble (mean),Month+6,0.7,2000-01-01,2024-12-31,2022-01-01,0.0,0.0,0.0,0.0,0.866,0.5,0,3984,0,77
